County,ZIPCode,Population,TotalPopulation,Weight
Anderson,75751,26,57922,0.00045
Anderson,75763,2700,57922,0.04661
Anderson,75801,16643,57922,0.28733
Anderson,75803,17094,57922,0.29512
Anderson,75839,5884,57922,0.10158
Anderson,75844,177,57922,0.00306
Anderson,75853,1223,57922,0.02111
Anderson,75861,14175,57922,0.24473
Andrews,79714,18610,18610,1.00000
Angelina,75901,28386,86395,0.32856
Angelina,75904,34390,86395,0.39806
Angelina,75941,8523,86395,0.09865
Angelina,75949,7984,86395,0.09241
Angelina,75969,4610,86395,0.05336
Angelina,75980,2502,86395,0.02896
Aransas,78336,3083,23830,0.12937
Aransas,78382,20747,23830,0.87063
Archer,76308,1088,8560,0.12710
Archer,76310,1656,8560,0.19346
Archer,76351,1604,8560,0.18738
Archer,76366,2640,8560,0.30841
Archer,76374,53,8560,0.00619
Archer,76379,614,8560,0.07173
Archer,76389,905,8560,0.10572
Armstrong,79019,1731,1848,0.93669
Armstrong,79039,15,1848,0.00812
Armstrong,79042,26,1848,0.01407
Armstrong,79094,32,1848,0.01732
Armstrong,79226,44,1848,0.02381
Atascosa,78005,155,48981,0.00316
Atascosa,78008,295,48981,0.00602
Atascosa,78011,2258,48981,0.04610
Atascosa,78026,6138,48981,0.12531
Atascosa,78052,3480,48981,0.07105
Atascosa,78064,16292,48981,0.33262
Atascosa,78065,12901,48981,0.26339
Atascosa,78069,4131,48981,0.08434
Atascosa,78073,1824,48981,0.03724
Atascosa,78113,112,48981,0.00229
Atascosa,78114,175,48981,0.00357
Atascosa,78264,1220,48981,0.02491
Austin,77418,9933,30167,0.32927
Austin,77426,173,30167,0.00573
Austin,77474,14253,30167,0.47247
Austin,77485,2260,30167,0.07492
Austin,77833,414,30167,0.01372
Austin,77835,73,30167,0.00242
Austin,78931,355,30167,0.01177
Austin,78933,697,30167,0.02310
Austin,78940,172,30167,0.00570
Austin,78944,526,30167,0.01744
Austin,78950,1255,30167,0.04160
Austin,78954,56,30167,0.00186
Bailey,79324,55,6904,0.00797
Bailey,79344,76,6904,0.01101
Bailey,79347,6697,6904,0.97002
Bailey,79371,76,6904,0.01101
Bandera,78003,8854,20851,0.42463
Bandera,78023,108,20851,0.00518
Bandera,78028,6,20851,0.00029
Bandera,78055,1695,20851,0.08129
Bandera,78063,9509,20851,0.45605
Bandera,78883,136,20851,0.00652
Bandera,78884,442,20851,0.02120
Bandera,78885,101,20851,0.00484
Bastrop,78602,33761,97216,0.34728
Bastrop,78612,13563,97216,0.13951
Bastrop,78616,4097,97216,0.04214
Bastrop,78617,7431,97216,0.07644
Bastrop,78621,19302,97216,0.19855
Bastrop,78650,1721,97216,0.01770
Bastrop,78653,157,97216,0.00161
Bastrop,78659,3287,97216,0.03381
Bastrop,78662,2526,97216,0.02598
Bastrop,78941,108,97216,0.00111
Bastrop,78942,77,97216,0.00079
Bastrop,78953,887,97216,0.00912
Bastrop,78957,10189,97216,0.10481
Bastrop,78959,110,97216,0.00113
Baylor,76380,3465,3465,1.00000
Bee,78102,28766,31047,0.92653
Bee,78119,23,31047,0.00074
Bee,78387,258,31047,0.00831
Bee,78389,1729,31047,0.05569
Bee,78391,271,31047,0.00873
Bell,76501,17820,370647,0.04808
Bell,76502,45873,370647,0.12376
Bell,76504,23847,370647,0.06434
Bell,76511,1026,370647,0.00277
Bell,76513,45593,370647,0.12301
Bell,76519,297,370647,0.00080
Bell,76527,213,370647,0.00057
Bell,76528,362,370647,0.00098
Bell,76534,2495,370647,0.00673
Bell,76537,54,370647,0.00015
Bell,76539,1562,370647,0.00421
Bell,76541,19687,370647,0.05312
Bell,76542,53287,370647,0.14377
Bell,76543,30323,370647,0.08181
Bell,76544,13158,370647,0.03550
Bell,76548,32819,370647,0.08855
Bell,76549,56179,370647,0.15157
Bell,76554,2060,370647,0.00556
Bell,76557,1597,370647,0.00431
Bell,76559,6285,370647,0.01696
Bell,76569,2416,370647,0.00652
Bell,76571,8568,370647,0.02312
Bell,76579,5126,370647,0.01383
Bexar,78002,8665,2009324,0.00431
Bexar,78006,6094,2009324,0.00303
Bexar,78009,29,2009324,0.00001
Bexar,78015,15061,2009324,0.00750
Bexar,78023,29552,2009324,0.01471
Bexar,78039,227,2009324,0.00011
Bexar,78052,708,2009324,0.00035
Bexar,78069,2343,2009324,0.00117
Bexar,78073,7955,2009324,0.00396
Bexar,78101,4288,2009324,0.00213
Bexar,78108,1154,2009324,0.00057
Bexar,78109,52339,2009324,0.02605
Bexar,78112,9293,2009324,0.00462
Bexar,78121,88,2009324,0.00004
Bexar,78124,587,2009324,0.00029
Bexar,78148,21392,2009324,0.01065
Bexar,78150,369,2009324,0.00018
Bexar,78152,2161,2009324,0.00108
Bexar,78154,13340,2009324,0.00664
Bexar,78201,40923,2009324,0.02037
Bexar,78202,11533,2009324,0.00574
Bexar,78203,5482,2009324,0.00273
Bexar,78204,11810,2009324,0.00588
Bexar,78205,1906,2009324,0.00095
Bexar,78207,52018,2009324,0.02589
Bexar,78208,3907,2009324,0.00194
Bexar,78209,40790,2009324,0.02030
Bexar,78210,33681,2009324,0.01676
Bexar,78211,29873,2009324,0.01487
Bexar,78212,26980,2009324,0.01343
Bexar,78213,40741,2009324,0.02028
Bexar,78214,22411,2009324,0.01115
Bexar,78215,3682,2009324,0.00183
Bexar,78216,36091,2009324,0.01796
Bexar,78217,31822,2009324,0.01584
Bexar,78218,37856,2009324,0.01884
Bexar,78219,17357,2009324,0.00864
Bexar,78220,18012,2009324,0.00896
Bexar,78221,39923,2009324,0.01987
Bexar,78222,23833,2009324,0.01186
Bexar,78223,54399,2009324,0.02707
Bexar,78224,22042,2009324,0.01097
Bexar,78225,12375,2009324,0.00616
Bexar,78226,6585,2009324,0.00328
Bexar,78227,47280,2009324,0.02353
Bexar,78228,58037,2009324,0.02888
Bexar,78229,32709,2009324,0.01628
Bexar,78230,42743,2009324,0.02127
Bexar,78231,9447,2009324,0.00470
Bexar,78232,37349,2009324,0.01859
Bexar,78233,49473,2009324,0.02462
Bexar,78234,7276,2009324,0.00362
Bexar,78235,2626,2009324,0.00131
Bexar,78236,10214,2009324,0.00508
Bexar,78237,34383,2009324,0.01711
Bexar,78238,26646,2009324,0.01326
Bexar,78239,32931,2009324,0.01639
Bexar,78240,55793,2009324,0.02777
Bexar,78242,32270,2009324,0.01606
Bexar,78244,36299,2009324,0.01807
Bexar,78245,94020,2009324,0.04679
Bexar,78247,48638,2009324,0.02421
Bexar,78248,13551,2009324,0.00674
Bexar,78249,58094,2009324,0.02891
Bexar,78250,53753,2009324,0.02675
Bexar,78251,58051,2009324,0.02889
Bexar,78252,18009,2009324,0.00896
Bexar,78253,61648,2009324,0.03068
Bexar,78254,75764,2009324,0.03771
Bexar,78255,19875,2009324,0.00989
Bexar,78256,12254,2009324,0.00610
Bexar,78257,11713,2009324,0.00583
Bexar,78258,49250,2009324,0.02451
Bexar,78259,31062,2009324,0.01546
Bexar,78260,38571,2009324,0.01920
Bexar,78261,27415,2009324,0.01364
Bexar,78263,5270,2009324,0.00262
Bexar,78264,13720,2009324,0.00683
Bexar,78266,1513,2009324,0.00075
Blanco,78027,7,11374,0.00062
Blanco,78070,711,11374,0.06251
Blanco,78606,5420,11374,0.47653
Blanco,78620,144,11374,0.01266
Blanco,78635,243,11374,0.02136
Blanco,78636,3809,11374,0.33489
Blanco,78663,815,11374,0.07165
Blanco,78669,147,11374,0.01292
Blanco,78676,78,11374,0.00686
Borden,79511,47,631,0.07448
Borden,79517,72,631,0.11410
Borden,79527,39,631,0.06181
Borden,79738,473,631,0.74960
Bosque,76633,209,18235,0.01146
Bosque,76634,7484,18235,0.41042
Bosque,76637,710,18235,0.03894
Bosque,76649,895,18235,0.04908
Bosque,76652,980,18235,0.05374
Bosque,76665,2745,18235,0.15053
Bosque,76671,1736,18235,0.09520
Bosque,76689,2422,18235,0.13282
Bosque,76690,1054,18235,0.05780
Bowie,75501,37158,92893,0.40001
Bowie,75503,25021,92893,0.26935
Bowie,75554,156,92893,0.00168
Bowie,75559,5341,92893,0.05750
Bowie,75561,5212,92893,0.05611
Bowie,75567,3539,92893,0.03810
Bowie,75569,3597,92893,0.03872
Bowie,75570,11093,92893,0.11942
Bowie,75574,1776,92893,0.01912
Brazoria,77422,13279,372031,0.03569
Brazoria,77430,1275,372031,0.00343
Brazoria,77444,249,372031,0.00067
Brazoria,77480,7813,372031,0.02100
Brazoria,77486,7492,372031,0.02014
Brazoria,77510,6,372031,0.00002
Brazoria,77511,47564,372031,0.12785
Brazoria,77515,32592,372031,0.08761
Brazoria,77531,15454,372031,0.04154
Brazoria,77534,3077,372031,0.00827
Brazoria,77541,16787,372031,0.04512
Brazoria,77545,143,372031,0.00038
Brazoria,77546,538,372031,0.00145
Brazoria,77566,30670,372031,0.08244
Brazoria,77577,1249,372031,0.00336
Brazoria,77578,24518,372031,0.06590
Brazoria,77581,43694,372031,0.11745
Brazoria,77583,37182,372031,0.09994
Brazoria,77584,88449,372031,0.23775
Brazos,77801,15665,233849,0.06699
Brazos,77802,25421,233849,0.10871
Brazos,77803,30177,233849,0.12904
Brazos,77807,12568,233849,0.05374
Brazos,77808,14132,233849,0.06043
Brazos,77840,66392,233849,0.28391
Brazos,77843,1211,233849,0.00518
Brazos,77845,66622,233849,0.28489
Brazos,77859,580,233849,0.00248
Brazos,77868,1081,233849,0.00462
Brewster,79830,8304,9546,0.86989
Brewster,79832,471,9546,0.04934
Brewster,79834,180,9546,0.01886
Brewster,79842,518,9546,0.05426
Brewster,79852,73,9546,0.00765
Briscoe,79255,469,1435,0.32683
Briscoe,79257,966,1435,0.67317
Brooks,78353,409,7076,0.05780
Brooks,78355,6667,7076,0.94220
Brown,76432,1387,38095,0.03641
Brown,76443,80,38095,0.00210
Brown,76471,186,38095,0.00488
Brown,76801,25214,38095,0.66187
Brown,76802,5317,38095,0.13957
Brown,76823,2802,38095,0.07355
Brown,76827,411,38095,0.01079
Brown,76857,1877,38095,0.04927
Brown,76890,821,38095,0.02155
Burleson,77836,11434,17642,0.64811
Burleson,77879,6208,17642,0.35189
Burnet,76527,6,49130,0.00012
Burnet,76539,351,49130,0.00714
Burnet,76550,896,49130,0.01824
Burnet,78605,6522,49130,0.13275
Burnet,78608,858,49130,0.01746
Burnet,78611,15112,49130,0.30759
Burnet,78639,855,49130,0.01740
Burnet,78642,127,49130,0.00258
Burnet,78654,18761,49130,0.38186
Burnet,78657,2644,49130,0.05382
Burnet,78669,2998,49130,0.06102
Caldwell,78610,203,45883,0.00442
Caldwell,78616,7813,45883,0.17028
Caldwell,78632,286,45883,0.00623
Caldwell,78638,243,45883,0.00530
Caldwell,78640,1000,45883,0.02179
Caldwell,78644,21570,45883,0.47011
Caldwell,78648,7821,45883,0.17046
Caldwell,78655,2203,45883,0.04801
Caldwell,78656,3029,45883,0.06602
Caldwell,78662,442,45883,0.00963
Caldwell,78666,987,45883,0.02151
Caldwell,78953,271,45883,0.00591
Caldwell,78959,15,45883,0.00033
Calhoun,77457,6,20106,0.00030
Calhoun,77465,61,20106,0.00303
Calhoun,77971,623,20106,0.03099
Calhoun,77979,16680,20106,0.82960
Calhoun,77982,1003,20106,0.04989
Calhoun,77983,1733,20106,0.08619
Callahan,76437,145,13708,0.01058
Callahan,76443,1667,13708,0.12161
Callahan,76464,31,13708,0.00226
Callahan,79504,2562,13708,0.18690
Callahan,79510,8202,13708,0.59834
Callahan,79601,442,13708,0.03224
Callahan,79602,659,13708,0.04807
Cameron,78520,64932,421017,0.15423
Cameron,78521,89082,421017,0.21159
Cameron,78526,53984,421017,0.12822
Cameron,78550,55300,421017,0.13135
Cameron,78552,40524,421017,0.09625
Cameron,78559,12733,421017,0.03024
Cameron,78566,17956,421017,0.04265
Cameron,78575,5871,421017,0.01394
Cameron,78578,10118,421017,0.02403
Cameron,78583,5496,421017,0.01305
Cameron,78586,57086,421017,0.13559
Cameron,78593,5465,421017,0.01298
Cameron,78597,2470,421017,0.00587
Camp,75451,1479,12464,0.11866
Camp,75686,10985,12464,0.88134
Carson,79036,379,5807,0.06527
Carson,79039,710,5807,0.12227
Carson,79068,3205,5807,0.55192
Carson,79080,431,5807,0.07422
Carson,79097,1082,5807,0.18633
Cass,75501,150,28454,0.00527
Cass,75551,8883,28454,0.31219
Cass,75555,1808,28454,0.06354
Cass,75556,869,28454,0.03054
Cass,75560,1154,28454,0.04056
Cass,75563,4947,28454,0.17386
Cass,75566,891,28454,0.03131
Cass,75568,386,28454,0.01357
Cass,75572,4274,28454,0.15021
Cass,75630,985,28454,0.03462
Cass,75656,4107,28454,0.14434
Castro,79027,5782,7371,0.78443
Castro,79043,935,7371,0.12685
Castro,79045,1,7371,0.00014
Castro,79063,594,7371,0.08059
Castro,79085,59,7371,0.00800
Chambers,77514,3596,46571,0.07722
Chambers,77520,8,46571,0.00017
Chambers,77521,3654,46571,0.07846
Chambers,77523,29631,46571,0.63625
Chambers,77535,1801,46571,0.03867
Chambers,77560,834,46571,0.01791
Chambers,77597,789,46571,0.01694
Chambers,77665,6258,46571,0.13438
Cherokee,75687,9,50412,0.00018
Cherokee,75757,4818,50412,0.09557
Cherokee,75763,3,50412,0.00006
Cherokee,75766,23426,50412,0.46469
Cherokee,75784,438,50412,0.00869
Cherokee,75785,11844,50412,0.23494
Cherokee,75789,4954,50412,0.09827
Cherokee,75925,3164,50412,0.06276
Cherokee,75976,1756,50412,0.03483
Childress,79201,6664,6664,1.00000
Clay,76228,858,10218,0.08397
Clay,76230,172,10218,0.01683
Clay,76305,1917,10218,0.18761
Clay,76310,734,10218,0.07183
Clay,76357,602,10218,0.05892
Clay,76365,5064,10218,0.49560
Clay,76377,753,10218,0.07369
Clay,76379,14,10218,0.00137
Clay,76389,104,10218,0.01018
Cochran,79346,2391,2547,0.93875
Cochran,79379,156,2547,0.06125
Coke,76933,1325,3285,0.40335
Coke,76945,1674,3285,0.50959
Coke,76949,45,3285,0.01370
Coke,79506,241,3285,0.07336
Coleman,76443,11,7684,0.00143
Coleman,76801,4,7684,0.00052
Coleman,76823,1,7684,0.00013
Coleman,76828,210,7684,0.02733
Coleman,76834,5005,7684,0.65135
Coleman,76845,177,7684,0.02303
Coleman,76873,68,7684,0.00885
Coleman,76878,1478,7684,0.19235
Coleman,76882,200,7684,0.02603
Coleman,76884,107,7684,0.01393
Coleman,76888,140,7684,0.01822
Coleman,79510,38,7684,0.00495
Coleman,79519,44,7684,0.00573
Coleman,79538,201,7684,0.02616
Collin,75002,70808,1064465,0.06652
Collin,75009,16621,1064465,0.01561
Collin,75013,48342,1064465,0.04541
Collin,75023,44965,1064465,0.04224
Collin,75024,42972,1064465,0.04037
Collin,75025,54991,1064465,0.05166
Collin,75033,9380,1064465,0.00881
Collin,75034,27779,1064465,0.02610
Collin,75035,79989,1064465,0.07514
Collin,75044,153,1064465,0.00014
Collin,75048,9903,1064465,0.00930
Collin,75069,38882,1064465,0.03653
Collin,75070,115227,1064465,0.10825
Collin,75071,67429,1064465,0.06335
Collin,75074,52979,1064465,0.04977
Collin,75075,36007,1064465,0.03383
Collin,75078,29519,1064465,0.02773
Collin,75080,15366,1064465,0.01444
Collin,75082,24999,1064465,0.02349
Collin,75087,165,1064465,0.00016
Collin,75093,46291,1064465,0.04349
Collin,75094,23136,1064465,0.02173
Collin,75098,62643,1064465,0.05885
Collin,75166,5189,1064465,0.00487
Collin,75173,7497,1064465,0.00704
Collin,75189,4943,1064465,0.00464
Collin,75248,232,1064465,0.00022
Collin,75252,25729,1064465,0.02417
Collin,75287,25793,1064465,0.02423
Collin,75407,25329,1064465,0.02380
Collin,75409,21353,1064465,0.02006
Collin,75424,4211,1064465,0.00396
Collin,75442,10125,1064465,0.00951
Collin,75452,164,1064465,0.00015
Collin,75454,14885,1064465,0.01398
Collin,75495,469,1064465,0.00044
Collingsworth,79095,2442,2652,0.92081
Collingsworth,79230,127,2652,0.04789
Collingsworth,79245,17,2652,0.00641
Collingsworth,79251,66,2652,0.02489
Colorado,77434,4070,20557,0.19799
Colorado,77442,1897,20557,0.09228
Colorado,77474,75,20557,0.00365
Colorado,78933,910,20557,0.04427
Colorado,78934,6576,20557,0.31989
Colorado,78935,790,20557,0.03843
Colorado,78940,257,20557,0.01250
Colorado,78943,315,20557,0.01532
Colorado,78950,790,20557,0.03843
Colorado,78962,4877,20557,0.23724
Comal,78006,963,161501,0.00596
Comal,78015,910,161501,0.00563
Comal,78070,19253,161501,0.11921
Comal,78108,1052,161501,0.00651
Comal,78130,57936,161501,0.35873
Comal,78132,37924,161501,0.23482
Comal,78133,20142,161501,0.12472
Comal,78154,657,161501,0.00407
Comal,78163,14204,161501,0.08795
Comal,78266,5725,161501,0.03545
Comal,78606,142,161501,0.00088
Comal,78623,2419,161501,0.01498
Comal,78666,79,161501,0.00049
Comal,78676,95,161501,0.00059
Comanche,76432,75,13594,0.00552
Comanche,76436,180,13594,0.01324
Comanche,76442,7459,13594,0.54870
Comanche,76444,4016,13594,0.29542
Comanche,76445,107,13594,0.00787
Comanche,76446,669,13594,0.04921
Comanche,76454,53,13594,0.00390
Comanche,76455,969,13594,0.07128
Comanche,76474,66,13594,0.00486
Concho,76837,2370,3303,0.71753
Concho,76858,22,3303,0.00666
Concho,76862,193,3303,0.05843
Concho,76866,543,3303,0.16440
Concho,76937,170,3303,0.05147
Concho,76940,5,3303,0.00151
Cooke,76233,560,41668,0.01344
Cooke,76234,11,41668,0.00026
Cooke,76238,410,41668,0.00984
Cooke,76239,136,41668,0.00326
Cooke,76240,28178,41668,0.67625
Cooke,76250,991,41668,0.02378
Cooke,76252,3054,41668,0.07329
Cooke,76263,146,41668,0.00350
Cooke,76265,71,41668,0.00170
Cooke,76266,40,41668,0.00096
Cooke,76271,144,41668,0.00346
Cooke,76272,5724,41668,0.13737
Cooke,76273,2203,41668,0.05287
Coryell,76522,38620,83093,0.46478
Coryell,76525,711,83093,0.00856
Coryell,76526,160,83093,0.00193
Coryell,76528,23962,83093,0.28838
Coryell,76538,670,83093,0.00806
Coryell,76539,1061,83093,0.01277
Coryell,76544,15575,83093,0.18744
Coryell,76549,27,83093,0.00032
Coryell,76557,475,83093,0.00572
Coryell,76561,1182,83093,0.01423
Coryell,76566,293,83093,0.00353
Coryell,76634,30,83093,0.00036
Coryell,76657,52,83093,0.00063
Coryell,76689,275,83093,0.00331
Cottle,79248,1380,1380,1.00000
Crane,79731,4675,4675,1.00000
Crockett,76943,3098,3098,1.00000
Crosby,79322,1926,5133,0.37522
Crosby,79343,1239,5133,0.24138
Crosby,79357,1968,5133,0.38340
Culberson,79847,54,2188,0.02468
Culberson,79855,2134,2188,0.97532
Dallam,79022,6398,7115,0.89923
Dallam,79087,717,7115,0.10077
Dallas,75001,16093,2613539,0.00616
Dallas,75006,48285,2613539,0.01847
Dallas,75007,3196,2613539,0.00122
Dallas,75019,44492,2613539,0.01702
Dallas,75038,36003,2613539,0.01378
Dallas,75039,24792,2613539,0.00949
Dallas,75040,63959,2613539,0.02447
Dallas,75041,31351,2613539,0.01200
Dallas,75042,38764,2613539,0.01483
Dallas,75043,63902,2613539,0.02445
Dallas,75044,47288,2613539,0.01809
Dallas,75048,17165,2613539,0.00657
Dallas,75050,31101,2613539,0.01190
Dallas,75051,35208,2613539,0.01347
Dallas,75052,57563,2613539,0.02202
Dallas,75054,73,2613539,0.00003
Dallas,75060,48501,2613539,0.01856
Dallas,75061,55890,2613539,0.02138
Dallas,75062,47090,2613539,0.01802
Dallas,75063,46603,2613539,0.01783
Dallas,75067,379,2613539,0.00015
Dallas,75080,38685,2613539,0.01480
Dallas,75081,37628,2613539,0.01440
Dallas,75082,2995,2613539,0.00115
Dallas,75088,22321,2613539,0.00854
Dallas,75089,32847,2613539,0.01257
Dallas,75098,3020,2613539,0.00116
Dallas,75104,49317,2613539,0.01887
Dallas,75115,58679,2613539,0.02245
Dallas,75116,20579,2613539,0.00787
Dallas,75125,413,2613539,0.00016
Dallas,75134,22350,2613539,0.00855
Dallas,75137,20065,2613539,0.00768
Dallas,75141,6706,2613539,0.00257
Dallas,75146,22462,2613539,0.00859
Dallas,75149,61066,2613539,0.02337
Dallas,75150,64501,2613539,0.02468
Dallas,75154,11392,2613539,0.00436
Dallas,75159,20329,2613539,0.00778
Dallas,75172,3581,2613539,0.00137
Dallas,75180,26540,2613539,0.01015
Dallas,75181,27607,2613539,0.01056
Dallas,75182,7998,2613539,0.00306
Dallas,75201,16814,2613539,0.00643
Dallas,75202,3720,2613539,0.00142
Dallas,75203,15178,2613539,0.00581
Dallas,75204,35048,2613539,0.01341
Dallas,75205,26271,2613539,0.01005
Dallas,75206,40786,2613539,0.01561
Dallas,75207,7100,2613539,0.00272
Dallas,75208,29298,2613539,0.01121
Dallas,75209,14745,2613539,0.00564
Dallas,75210,8751,2613539,0.00335
Dallas,75211,70760,2613539,0.02707
Dallas,75212,27329,2613539,0.01046
Dallas,75214,35817,2613539,0.01370
Dallas,75215,18803,2613539,0.00719
Dallas,75216,54753,2613539,0.02095
Dallas,75217,80678,2613539,0.03087
Dallas,75218,23197,2613539,0.00888
Dallas,75219,26915,2613539,0.01030
Dallas,75220,39873,2613539,0.01526
Dallas,75223,13803,2613539,0.00528
Dallas,75224,33228,2613539,0.01271
Dallas,75225,22691,2613539,0.00868
Dallas,75226,3990,2613539,0.00153
Dallas,75227,62468,2613539,0.02390
Dallas,75228,68658,2613539,0.02627
Dallas,75229,32319,2613539,0.01237
Dallas,75230,28300,2613539,0.01083
Dallas,75231,40462,2613539,0.01548
Dallas,75232,29919,2613539,0.01145
Dallas,75233,15555,2613539,0.00595
Dallas,75234,34124,2613539,0.01306
Dallas,75235,19628,2613539,0.00751
Dallas,75236,15621,2613539,0.00598
Dallas,75237,18779,2613539,0.00719
Dallas,75238,33268,2613539,0.01273
Dallas,75240,28143,2613539,0.01077
Dallas,75241,33440,2613539,0.01279
Dallas,75243,60984,2613539,0.02333
Dallas,75244,12544,2613539,0.00480
Dallas,75246,2109,2613539,0.00081
Dallas,75247,827,2613539,0.00032
Dallas,75248,38414,2613539,0.01470
Dallas,75249,15911,2613539,0.00609
Dallas,75251,3993,2613539,0.00153
Dallas,75252,1407,2613539,0.00054
Dallas,75253,25766,2613539,0.00986
Dallas,75254,21950,2613539,0.00840
Dallas,75261,3,2613539,0.00000
Dallas,75287,282,2613539,0.00011
Dallas,76051,321,2613539,0.00012
Dallas,76065,17,2613539,0.00001
Dawson,79331,11487,12456,0.92221
Dawson,79351,69,12456,0.00554
Dawson,79377,390,12456,0.03131
Dawson,79713,510,12456,0.04094
De Witt,77954,11561,19824,0.58318
De Witt,77974,193,19824,0.00974
De Witt,77994,284,19824,0.01433
De Witt,77995,3794,19824,0.19138
De Witt,78141,708,19824,0.03571
De Witt,78164,3284,19824,0.16566
Deaf Smith,79045,18465,18583,0.99365
Deaf Smith,79098,118,18583,0.00635
Delta,75415,99,5230,0.01893
Delta,75428,93,5230,0.01778
Delta,75432,3693,5230,0.70612
Delta,75448,809,5230,0.15468
Delta,75450,18,5230,0.00344
Delta,75469,518,5230,0.09904
Denton,75006,31,897144,0.00003
Denton,75007,48822,897144,0.05442
Denton,75009,1941,897144,0.00216
Denton,75010,33315,897144,0.03713
Denton,75019,1022,897144,0.00114
Denton,75022,26406,897144,0.02943
Denton,75024,2434,897144,0.00271
Denton,75028,46653,897144,0.05200
Denton,75033,34883,897144,0.03888
Denton,75034,60807,897144,0.06778
Denton,75056,64705,897144,0.07212
Denton,75057,15935,897144,0.01776
Denton,75065,12566,897144,0.01401
Denton,75067,68454,897144,0.07630
Denton,75068,67298,897144,0.07501
Denton,75077,36991,897144,0.04123
Denton,75078,11589,897144,0.01292
Denton,75093,3042,897144,0.00339
Denton,75287,28019,897144,0.03123
Denton,76052,3156,897144,0.00352
Denton,76078,880,897144,0.00098
Denton,76092,722,897144,0.00080
Denton,76177,2173,897144,0.00242
Denton,76201,26555,897144,0.02960
Denton,76205,21108,897144,0.02353
Denton,76207,16243,897144,0.01811
Denton,76208,27491,897144,0.03064
Denton,76209,27278,897144,0.03041
Denton,76210,45790,897144,0.05104
Denton,76226,34428,897144,0.03838
Denton,76227,44429,897144,0.04952
Denton,76234,360,897144,0.00040
Denton,76247,20236,897144,0.02256
Denton,76258,7020,897144,0.00782
Denton,76259,6379,897144,0.00711
Denton,76262,31374,897144,0.03497
Denton,76266,16539,897144,0.01844
Denton,76272,70,897144,0.00008
Dickens,79220,86,1770,0.04859
Dickens,79229,413,1770,0.23333
Dickens,79243,97,1770,0.05480
Dickens,79370,1174,1770,0.66328
Dimmit,78827,979,8615,0.11364
Dimmit,78830,544,8615,0.06315
Dimmit,78834,7046,8615,0.81788
Dimmit,78839,46,8615,0.00534
Donley,79065,10,3258,0.00307
Donley,79226,2726,3258,0.83671
Donley,79237,452,3258,0.13874
Donley,79240,70,3258,0.02149
Duval,78332,78,9831,0.00793
Duval,78349,1931,9831,0.19642
Duval,78357,2887,9831,0.29366
Duval,78376,271,9831,0.02757
Duval,78384,4664,9831,0.47442
Eastland,76435,645,17725,0.03639
Eastland,76437,5408,17725,0.30511
Eastland,76443,12,17725,0.00068
Eastland,76444,28,17725,0.00158
Eastland,76445,216,17725,0.01219
Eastland,76448,5593,17725,0.31554
Eastland,76454,1315,17725,0.07419
Eastland,76464,4,17725,0.00023
Eastland,76470,2880,17725,0.16248
Eastland,76471,1624,17725,0.09162
Ector,79707,11,165171,0.00007
Ector,79741,452,165171,0.00274
Ector,79758,2767,165171,0.01675
Ector,79761,30622,165171,0.18540
Ector,79762,38600,165171,0.23370
Ector,79763,40267,165171,0.24379
Ector,79764,26270,165171,0.15905
Ector,79765,17288,165171,0.10467
Ector,79766,8894,165171,0.05385
Edwards,78828,170,1422,0.11955
Edwards,78840,12,1422,0.00844
Edwards,78880,1240,1422,0.87201
El Paso,79821,6472,865657,0.00748
El Paso,79835,14356,865657,0.01658
El Paso,79836,6127,865657,0.00708
El Paso,79838,7879,865657,0.00910
El Paso,79849,15486,865657,0.01789
El Paso,79853,3652,865657,0.00422
El Paso,79901,10027,865657,0.01158
El Paso,79902,20040,865657,0.02315
El Paso,79903,16233,865657,0.01875
El Paso,79904,31932,865657,0.03689
El Paso,79905,22323,865657,0.02579
El Paso,79906,6073,865657,0.00702
El Paso,79907,50852,865657,0.05874
El Paso,79908,2894,865657,0.00334
El Paso,79911,6092,865657,0.00704
El Paso,79912,77974,865657,0.09007
El Paso,79915,35135,865657,0.04059
El Paso,79916,6337,865657,0.00732
El Paso,79918,34,865657,0.00004
El Paso,79922,8120,865657,0.00938
El Paso,79924,58657,865657,0.06776
El Paso,79925,38117,865657,0.04403
El Paso,79927,40584,865657,0.04688
El Paso,79928,78995,865657,0.09125
El Paso,79930,24541,865657,0.02835
El Paso,79932,30168,865657,0.03485
El Paso,79934,29450,865657,0.03402
El Paso,79935,18013,865657,0.02081
El Paso,79936,104731,865657,0.12098
El Paso,79938,93839,865657,0.10840
El Paso,79968,524,865657,0.00061
Ellis,75104,516,192455,0.00268
Ellis,75119,29527,192455,0.15342
Ellis,75125,7233,192455,0.03758
Ellis,75146,139,192455,0.00072
Ellis,75152,5312,192455,0.02760
Ellis,75154,34349,192455,0.17848
Ellis,75165,49213,192455,0.25571
Ellis,75167,13093,192455,0.06803
Ellis,76041,516,192455,0.00268
Ellis,76050,123,192455,0.00064
Ellis,76055,168,192455,0.00087
Ellis,76064,1922,192455,0.00999
Ellis,76065,43629,192455,0.22670
Ellis,76084,2076,192455,0.01079
Ellis,76626,56,192455,0.00029
Ellis,76651,3420,192455,0.01777
Ellis,76670,1163,192455,0.00604
Erath,76401,30475,42545,0.71630
Erath,76402,978,42545,0.02299
Erath,76433,3159,42545,0.07425
Erath,76436,13,42545,0.00031
Erath,76444,10,42545,0.00024
Erath,76445,108,42545,0.00254
Erath,76446,5849,42545,0.13748
Erath,76453,88,42545,0.00207
Erath,76457,1772,42545,0.04165
Erath,76462,93,42545,0.00219
Falls,76501,61,16968,0.00360
Falls,76524,701,16968,0.04131
Falls,76570,2364,16968,0.13932
Falls,76579,21,16968,0.00124
Falls,76632,1795,16968,0.10579
Falls,76653,142,16968,0.00837
Falls,76655,479,16968,0.02823
Falls,76656,2154,16968,0.12694
Falls,76661,7818,16968,0.46075
Falls,76664,8,16968,0.00047
Falls,76680,711,16968,0.04190
Falls,76682,714,16968,0.04208
Fannin,75418,14324,35662,0.40166
Fannin,75424,155,35662,0.00435
Fannin,75438,1380,35662,0.03870
Fannin,75439,1038,35662,0.02911
Fannin,75446,2956,35662,0.08289
Fannin,75447,575,35662,0.01612
Fannin,75449,912,35662,0.02557
Fannin,75452,5061,35662,0.14192
Fannin,75476,2093,35662,0.05869
Fannin,75479,2056,35662,0.05765
Fannin,75488,1237,35662,0.03469
Fannin,75490,2704,35662,0.07582
Fannin,75491,857,35662,0.02403
Fannin,75492,314,35662,0.00880
Fayette,77835,4,24435,0.00016
Fayette,78932,519,24435,0.02124
Fayette,78938,300,24435,0.01228
Fayette,78940,1552,24435,0.06352
Fayette,78941,2768,24435,0.11328
Fayette,78942,150,24435,0.00614
Fayette,78945,10713,24435,0.43843
Fayette,78946,309,24435,0.01265
Fayette,78949,507,24435,0.02075
Fayette,78950,15,24435,0.00061
Fayette,78954,1106,24435,0.04526
Fayette,78956,4796,24435,0.19628
Fayette,78957,264,24435,0.01080
Fayette,78959,185,24435,0.00757
Fayette,78962,251,24435,0.01027
Fayette,78963,996,24435,0.04076
Fisher,79520,56,3672,0.01525
Fisher,79526,3,3672,0.00082
Fisher,79534,211,3672,0.05746
Fisher,79543,1044,3672,0.28431
Fisher,79545,16,3672,0.00436
Fisher,79546,1742,3672,0.47440
Fisher,79556,469,3672,0.12772
Fisher,79560,131,3672,0.03568
Floyd,79235,3296,5402,0.61014
Floyd,79241,2106,5402,0.38986
Foard,79227,1095,1095,1.00000
Fort Bend,77031,22,822779,0.00003
Fort Bend,77053,16507,822779,0.02006
Fort Bend,77082,39,822779,0.00005
Fort Bend,77083,30270,822779,0.03679
Fort Bend,77085,727,822779,0.00088
Fort Bend,77099,1883,822779,0.00229
Fort Bend,77406,57762,822779,0.07020
Fort Bend,77407,74588,822779,0.09065
Fort Bend,77417,2460,822779,0.00299
Fort Bend,77420,31,822779,0.00004
Fort Bend,77423,2561,822779,0.00311
Fort Bend,77430,953,822779,0.00116
Fort Bend,77435,699,822779,0.00085
Fort Bend,77441,21555,822779,0.02620
Fort Bend,77444,613,822779,0.00075
Fort Bend,77450,22545,822779,0.02740
Fort Bend,77459,77053,822779,0.09365
Fort Bend,77461,11903,822779,0.01447
Fort Bend,77469,58377,822779,0.07095
Fort Bend,77471,42352,822779,0.05147
Fort Bend,77477,32799,822779,0.03986
Fort Bend,77478,24552,822779,0.02984
Fort Bend,77479,91912,822779,0.11171
Fort Bend,77485,1975,822779,0.00240
Fort Bend,77489,36286,822779,0.04410
Fort Bend,77493,177,822779,0.00022
Fort Bend,77494,117985,822779,0.14340
Fort Bend,77498,51821,822779,0.06298
Fort Bend,77545,28900,822779,0.03512
Fort Bend,77583,9994,822779,0.01215
Fort Bend,77584,3478,822779,0.00423
Franklin,75457,6586,10359,0.63578
Franklin,75480,1764,10359,0.17029
Franklin,75487,651,10359,0.06284
Franklin,75494,1358,10359,0.13109
Freestone,75831,289,19435,0.01487
Freestone,75838,342,19435,0.01760
Freestone,75840,7433,19435,0.38245
Freestone,75855,1297,19435,0.06674
Freestone,75859,1409,19435,0.07250
Freestone,75860,7159,19435,0.36836
Freestone,76693,1506,19435,0.07749
Frio,78005,509,18385,0.02769
Frio,78017,5732,18385,0.31178
Frio,78057,1327,18385,0.07218
Frio,78061,10817,18385,0.58836
Gaines,79342,302,21598,0.01398
Gaines,79359,3055,21598,0.14145
Gaines,79360,18241,21598,0.84457
Galveston,77510,16990,350682,0.04845
Galveston,77511,2801,350682,0.00799
Galveston,77517,6021,350682,0.01717
Galveston,77518,9598,350682,0.02737
Galveston,77539,47377,350682,0.13510
Galveston,77546,30505,350682,0.08699
Galveston,77550,24207,350682,0.06903
Galveston,77551,22446,350682,0.06401
Galveston,77554,9240,350682,0.02635
Galveston,77563,9810,350682,0.02797
Galveston,77565,7156,350682,0.02041
Galveston,77568,17619,350682,0.05024
Galveston,77573,95643,350682,0.27273
Galveston,77590,30740,350682,0.08766
Galveston,77591,17506,350682,0.04992
Galveston,77598,253,350682,0.00072
Galveston,77650,2770,350682,0.00790
Garza,79330,184,5816,0.03164
Garza,79356,5632,5816,0.96836
Gillespie,76856,9,26725,0.00034
Gillespie,78028,774,26725,0.02896
Gillespie,78058,114,26725,0.00427
Gillespie,78618,142,26725,0.00531
Gillespie,78624,22835,26725,0.85444
Gillespie,78631,2146,26725,0.08030
Gillespie,78671,579,26725,0.02167
Gillespie,78675,126,26725,0.00471
Glasscock,79720,44,1116,0.03943
Glasscock,79739,1072,1116,0.96057
Goliad,77905,1156,7012,0.16486
Goliad,77963,5595,7012,0.79792
Goliad,78119,23,7012,0.00328
Goliad,78164,238,7012,0.03394
Gonzales,77984,264,19653,0.01343
Gonzales,78122,166,19653,0.00845
Gonzales,78140,3434,19653,0.17473
Gonzales,78159,891,19653,0.04534
Gonzales,78614,435,19653,0.02213
Gonzales,78629,12462,19653,0.63410
Gonzales,78632,448,19653,0.02280
Gonzales,78648,7,19653,0.00036
Gonzales,78677,17,19653,0.00087
Gonzales,78959,1529,19653,0.07780
Gray,79057,854,21227,0.04023
Gray,79065,20363,21227,0.95930
Gray,79097,10,21227,0.00047
Grayson,75020,23838,135543,0.17587
Grayson,75021,8343,135543,0.06155
Grayson,75058,3675,135543,0.02711
Grayson,75076,8093,135543,0.05971
Grayson,75090,25078,135543,0.18502
Grayson,75092,27126,135543,0.20013
Grayson,75414,3540,135543,0.02612
Grayson,75459,5624,135543,0.04149
Grayson,75479,41,135543,0.00030
Grayson,75491,5036,135543,0.03715
Grayson,75495,8671,135543,0.06397
Grayson,76233,3072,135543,0.02266
Grayson,76240,31,135543,0.00023
Grayson,76245,1867,135543,0.01377
Grayson,76258,355,135543,0.00262
Grayson,76264,1627,135543,0.01200
Grayson,76271,1724,135543,0.01272
Grayson,76273,7802,135543,0.05756
Gregg,75601,13689,124239,0.11018
Gregg,75602,16109,124239,0.12966
Gregg,75603,4488,124239,0.03612
Gregg,75604,30416,124239,0.24482
Gregg,75605,28155,124239,0.22662
Gregg,75645,27,124239,0.00022
Gregg,75647,6815,124239,0.05485
Gregg,75662,18015,124239,0.14500
Gregg,75691,19,124239,0.00015
Gregg,75693,6506,124239,0.05237
Grimes,77356,112,29268,0.00383
Grimes,77363,3742,29268,0.12785
Grimes,77484,509,29268,0.01739
Grimes,77830,2963,29268,0.10124
Grimes,77831,2553,29268,0.08723
Grimes,77861,3019,29268,0.10315
Grimes,77868,15640,29268,0.53437
Grimes,77873,730,29268,0.02494
Guadalupe,78108,39836,172706,0.23066
Guadalupe,78121,1345,172706,0.00779
Guadalupe,78123,1665,172706,0.00964
Guadalupe,78124,9431,172706,0.05461
Guadalupe,78130,30861,172706,0.17869
Guadalupe,78132,246,172706,0.00142
Guadalupe,78140,63,172706,0.00036
Guadalupe,78154,27677,172706,0.16025
Guadalupe,78155,51674,172706,0.29920
Guadalupe,78638,2632,172706,0.01524
Guadalupe,78648,462,172706,0.00268
Guadalupe,78655,987,172706,0.00571
Guadalupe,78666,5827,172706,0.03374
Hale,79041,2719,32522,0.08360
Hale,79064,49,32522,0.00151
Hale,79072,25839,32522,0.79451
Hale,79250,1230,32522,0.03782
Hale,79311,2685,32522,0.08256
Hall,79201,57,2825,0.02018
Hall,79239,108,2825,0.03823
Hall,79245,2266,2825,0.80212
Hall,79259,9,2825,0.00319
Hall,79261,385,2825,0.13628
Hamilton,76436,439,8222,0.05339
Hamilton,76457,2172,8222,0.26417
Hamilton,76525,493,8222,0.05996
Hamilton,76531,4922,8222,0.59864
Hamilton,76565,196,8222,0.02384
Hansford,79040,1644,5285,0.31107
Hansford,79062,168,5285,0.03179
Hansford,79081,3473,5285,0.65714
Hardeman,79225,742,3549,0.20907
Hardeman,79252,2807,3549,0.79093
Hardin,77519,1108,56231,0.01970
Hardin,77564,60,56231,0.00107
Hardin,77585,1614,56231,0.02870
Hardin,77625,9752,56231,0.17343
Hardin,77656,16676,56231,0.29656
Hardin,77657,22013,56231,0.39147
Hardin,77659,4972,56231,0.08842
Hardin,77664,36,56231,0.00064
Harris,77002,20305,4726492,0.00430
Harris,77003,11929,4726492,0.00252
Harris,77004,41340,4726492,0.00875
Harris,77005,28337,4726492,0.00600
Harris,77006,22987,4726492,0.00486
Harris,77007,42561,4726492,0.00900
Harris,77008,36903,4726492,0.00781
Harris,77009,36474,4726492,0.00772
Harris,77010,883,4726492,0.00019
Harris,77011,16646,4726492,0.00352
Harris,77012,18408,4726492,0.00389
Harris,77013,16929,4726492,0.00358
Harris,77014,36415,4726492,0.00770
Harris,77015,57403,4726492,0.01214
Harris,77016,29982,4726492,0.00634
Harris,77017,31367,4726492,0.00664
Harris,77018,27550,4726492,0.00583
Harris,77019,24339,4726492,0.00515
Harris,77020,24853,4726492,0.00526
Harris,77021,28823,4726492,0.00610
Harris,77022,28525,4726492,0.00604
Harris,77023,26893,4726492,0.00569
Harris,77024,38713,4726492,0.00819
Harris,77025,29087,4726492,0.00615
Harris,77026,23306,4726492,0.00493
Harris,77027,19462,4726492,0.00412
Harris,77028,18652,4726492,0.00395
Harris,77029,17065,4726492,0.00361
Harris,77030,12403,4726492,0.00262
Harris,77031,16168,4726492,0.00342
Harris,77032,13568,4726492,0.00287
Harris,77033,28168,4726492,0.00596
Harris,77034,35499,4726492,0.00751
Harris,77035,35340,4726492,0.00748
Harris,77036,78377,4726492,0.01658
Harris,77037,18988,4726492,0.00402
Harris,77038,31749,4726492,0.00672
Harris,77039,28974,4726492,0.00613
Harris,77040,50198,4726492,0.01062
Harris,77041,35857,4726492,0.00759
Harris,77042,42073,4726492,0.00890
Harris,77043,26775,4726492,0.00566
Harris,77044,55002,4726492,0.01164
Harris,77045,33093,4726492,0.00700
Harris,77046,1152,4726492,0.00024
Harris,77047,32102,4726492,0.00679
Harris,77048,20522,4726492,0.00434
Harris,77049,35670,4726492,0.00755
Harris,77050,4991,4726492,0.00106
Harris,77051,16677,4726492,0.00353
Harris,77053,14345,4726492,0.00304
Harris,77054,23890,4726492,0.00505
Harris,77055,42245,4726492,0.00894
Harris,77056,23862,4726492,0.00505
Harris,77057,42493,4726492,0.00899
Harris,77058,18041,4726492,0.00382
Harris,77059,18296,4726492,0.00387
Harris,77060,43194,4726492,0.00914
Harris,77061,23629,4726492,0.00500
Harris,77062,26420,4726492,0.00559
Harris,77063,37797,4726492,0.00800
Harris,77064,47997,4726492,0.01015
Harris,77065,36666,4726492,0.00776
Harris,77066,36355,4726492,0.00769
Harris,77067,29565,4726492,0.00626
Harris,77068,10969,4726492,0.00232
Harris,77069,18471,4726492,0.00391
Harris,77070,53139,4726492,0.01124
Harris,77071,26379,4726492,0.00558
Harris,77072,55840,4726492,0.01181
Harris,77073,48171,4726492,0.01019
Harris,77074,42155,4726492,0.00892
Harris,77075,42406,4726492,0.00897
Harris,77076,31268,4726492,0.00662
Harris,77077,60574,4726492,0.01282
Harris,77078,14887,4726492,0.00315
Harris,77079,35492,4726492,0.00751
Harris,77080,46757,4726492,0.00989
Harris,77081,47220,4726492,0.00999
Harris,77082,58531,4726492,0.01238
Harris,77083,43165,4726492,0.00913
Harris,77084,110435,4726492,0.02337
Harris,77085,17319,4726492,0.00366
Harris,77086,29279,4726492,0.00619
Harris,77087,34661,4726492,0.00733
Harris,77088,56251,4726492,0.01190
Harris,77089,55684,4726492,0.01178
Harris,77090,40534,4726492,0.00858
Harris,77091,21478,4726492,0.00454
Harris,77092,36572,4726492,0.00774
Harris,77093,47672,4726492,0.01009
Harris,77094,12143,4726492,0.00257
Harris,77095,71818,4726492,0.01519
Harris,77096,35818,4726492,0.00758
Harris,77098,16512,4726492,0.00349
Harris,77099,46261,4726492,0.00979
Harris,77336,14899,4726492,0.00315
Harris,77338,44097,4726492,0.00933
Harris,77339,31932,4726492,0.00676
Harris,77345,26925,4726492,0.00570
Harris,77346,72424,4726492,0.01532
Harris,77357,499,4726492,0.00011
Harris,77365,1235,4726492,0.00026
Harris,77373,63360,4726492,0.01341
Harris,77375,62440,4726492,0.01321
Harris,77377,40210,4726492,0.00851
Harris,77379,85276,4726492,0.01804
Harris,77388,51659,4726492,0.01093
Harris,77389,42463,4726492,0.00898
Harris,77396,60162,4726492,0.01273
Harris,77401,17156,4726492,0.00363
Harris,77429,94458,4726492,0.01998
Harris,77433,106020,4726492,0.02243
Harris,77447,14519,4726492,0.00307
Harris,77449,131620,4726492,0.02785
Harris,77450,51224,4726492,0.01084
Harris,77477,3807,4726492,0.00081
Harris,77484,3431,4726492,0.00073
Harris,77489,857,4726492,0.00018
Harris,77493,41853,4726492,0.00885
Harris,77494,14608,4726492,0.00309
Harris,77502,38085,4726492,0.00806
Harris,77503,25250,4726492,0.00534
Harris,77504,25264,4726492,0.00535
Harris,77505,21378,4726492,0.00452
Harris,77506,35096,4726492,0.00743
Harris,77507,1148,4726492,0.00024
Harris,77520,36969,4726492,0.00782
Harris,77521,61828,4726492,0.01308
Harris,77523,714,4726492,0.00015
Harris,77530,38005,4726492,0.00804
Harris,77532,34885,4726492,0.00738
Harris,77536,34715,4726492,0.00734
Harris,77546,23418,4726492,0.00495
Harris,77547,9627,4726492,0.00204
Harris,77562,13172,4726492,0.00279
Harris,77571,37008,4726492,0.00783
Harris,77581,4493,4726492,0.00095
Harris,77586,23431,4726492,0.00496
Harris,77587,16153,4726492,0.00342
Harris,77598,26580,4726492,0.00562
Harrison,75601,2208,68839,0.03207
Harrison,75602,5964,68839,0.08664
Harrison,75605,4937,68839,0.07172
Harrison,75640,1358,68839,0.01973
Harrison,75650,9878,68839,0.14349
Harrison,75651,2088,68839,0.03033
Harrison,75657,485,68839,0.00705
Harrison,75661,2273,68839,0.03302
Harrison,75670,17045,68839,0.24761
Harrison,75672,17418,68839,0.25303
Harrison,75692,5185,68839,0.07532
Hartley,79018,673,5382,0.12505
Hartley,79022,3932,5382,0.73058
Hartley,79044,777,5382,0.14437
Haskell,76388,218,5416,0.04025
Haskell,79503,1,5416,0.00018
Haskell,79521,3626,5416,0.66950
Haskell,79533,1,5416,0.00018
Haskell,79539,161,5416,0.02973
Haskell,79544,413,5416,0.07626
Haskell,79547,683,5416,0.12611
Haskell,79548,255,5416,0.04708
Haskell,79553,58,5416,0.01071
Hays,78130,31,241067,0.00013
Hays,78132,51,241067,0.00021
Hays,78610,42218,241067,0.17513
Hays,78619,5332,241067,0.02212
Hays,78620,17441,241067,0.07235
Hays,78640,66561,241067,0.27611
Hays,78652,1422,241067,0.00590
Hays,78663,25,241067,0.00010
Hays,78666,76152,241067,0.31590
Hays,78676,14882,241067,0.06173
Hays,78736,27,241067,0.00011
Hays,78737,16907,241067,0.07013
Hays,78738,18,241067,0.00007
Hemphill,79014,3382,3382,1.00000
Henderson,75124,3988,82150,0.04855
Henderson,75143,7610,82150,0.09264
Henderson,75147,236,82150,0.00287
Henderson,75148,5896,82150,0.07177
Henderson,75156,16785,82150,0.20432
Henderson,75163,2343,82150,0.02852
Henderson,75751,16825,82150,0.20481
Henderson,75752,7063,82150,0.08598
Henderson,75756,3608,82150,0.04392
Henderson,75758,9412,82150,0.11457
Henderson,75763,2879,82150,0.03505
Henderson,75770,3098,82150,0.03771
Henderson,75778,2407,82150,0.02930
Hidalgo,78501,60670,870781,0.06967
Hidalgo,78503,25243,870781,0.02899
Hidalgo,78504,55039,870781,0.06321
Hidalgo,78516,34600,870781,0.03973
Hidalgo,78537,51403,870781,0.05903
Hidalgo,78538,19213,870781,0.02206
Hidalgo,78539,38900,870781,0.04467
Hidalgo,78541,50776,870781,0.05831
Hidalgo,78542,82271,870781,0.09448
Hidalgo,78543,4697,870781,0.00539
Hidalgo,78549,1822,870781,0.00209
Hidalgo,78557,13787,870781,0.01583
Hidalgo,78560,5346,870781,0.00614
Hidalgo,78563,353,870781,0.00041
Hidalgo,78570,32963,870781,0.03785
Hidalgo,78572,78400,870781,0.09003
Hidalgo,78573,43410,870781,0.04985
Hidalgo,78574,63046,870781,0.07240
Hidalgo,78576,12473,870781,0.01432
Hidalgo,78577,80650,870781,0.09262
Hidalgo,78589,38894,870781,0.04467
Hidalgo,78595,6536,870781,0.00751
Hidalgo,78596,39854,870781,0.04577
Hidalgo,78599,30435,870781,0.03495
Hill,76050,507,35874,0.01413
Hill,76055,2889,35874,0.08053
Hill,76093,70,35874,0.00195
Hill,76621,1075,35874,0.02997
Hill,76622,1119,35874,0.03119
Hill,76627,1809,35874,0.05043
Hill,76631,439,35874,0.01224
Hill,76636,1726,35874,0.04811
Hill,76645,11323,35874,0.31563
Hill,76648,2230,35874,0.06216
Hill,76660,422,35874,0.01176
Hill,76666,395,35874,0.01101
Hill,76673,580,35874,0.01617
Hill,76676,711,35874,0.01982
Hill,76692,10579,35874,0.29489
Hockley,79313,1157,21537,0.05372
Hockley,79336,17862,21537,0.82936
Hockley,79339,206,21537,0.00956
Hockley,79353,55,21537,0.00255
Hockley,79358,1202,21537,0.05581
Hockley,79363,88,21537,0.00409
Hockley,79407,967,21537,0.04490
Hood,76033,76,61598,0.00123
Hood,76035,1025,61598,0.01664
Hood,76048,25498,61598,0.41394
Hood,76049,29951,61598,0.48623
Hood,76087,387,61598,0.00628
Hood,76433,73,61598,0.00119
Hood,76462,1443,61598,0.02343
Hood,76476,3145,61598,0.05106
Hopkins,75420,364,36787,0.00989
Hopkins,75431,3677,36787,0.09995
Hopkins,75433,4120,36787,0.11200
Hopkins,75437,245,36787,0.00666
Hopkins,75471,1013,36787,0.02754
Hopkins,75478,518,36787,0.01408
Hopkins,75481,196,36787,0.00533
Hopkins,75482,26654,36787,0.72455
Houston,75835,11108,22066,0.50340
Houston,75844,4728,22066,0.21427
Houston,75847,1343,22066,0.06086
Houston,75851,4887,22066,0.22147
Howard,79511,1177,34860,0.03376
Howard,79720,33545,34860,0.96228
Howard,79748,138,34860,0.00396
Hudspeth,79837,423,3202,0.13210
Hudspeth,79839,1174,3202,0.36665
Hudspeth,79847,31,3202,0.00968
Hudspeth,79851,1362,3202,0.42536
Hudspeth,79938,212,3202,0.06621
Hunt,75135,7811,99956,0.07814
Hunt,75160,1481,99956,0.01482
Hunt,75169,1749,99956,0.01750
Hunt,75189,9778,99956,0.09782
Hunt,75401,19117,99956,0.19125
Hunt,75402,19444,99956,0.19453
Hunt,75422,2945,99956,0.02946
Hunt,75423,3047,99956,0.03048
Hunt,75428,10822,99956,0.10827
Hunt,75442,1320,99956,0.01321
Hunt,75449,307,99956,0.00307
Hunt,75452,276,99956,0.00276
Hunt,75453,2968,99956,0.02969
Hunt,75474,15888,99956,0.15895
Hunt,75496,3003,99956,0.03004
Hutchinson,79007,14008,20617,0.67944
Hutchinson,79036,4125,20617,0.20008
Hutchinson,79080,26,20617,0.00126
Hutchinson,79083,2458,20617,0.11922
Irion,76904,72,1513,0.04759
Irion,76930,99,1513,0.06543
Irion,76941,1342,1513,0.88698
Jack,76230,149,8472,0.01759
Jack,76389,6,8472,0.00071
Jack,76426,222,8472,0.02620
Jack,76427,783,8472,0.09242
Jack,76458,5882,8472,0.69429
Jack,76459,163,8472,0.01924
Jack,76486,1148,8472,0.13551
Jack,76487,119,8472,0.01405
Jackson,77465,632,14988,0.04217
Jackson,77957,9459,14988,0.63110
Jackson,77962,3343,14988,0.22305
Jackson,77971,1554,14988,0.10368
Jasper,75931,2178,32980,0.06604
Jasper,75933,365,32980,0.01107
Jasper,75951,13984,32980,0.42401
Jasper,75956,6517,32980,0.19760
Jasper,77612,9371,32980,0.28414
Jasper,77662,565,32980,0.01713
Jeff Davis,79734,1792,1996,0.89780
Jeff Davis,79854,204,1996,0.10220
Jefferson,77619,17389,256526,0.06779
Jefferson,77622,1142,256526,0.00445
Jefferson,77627,23274,256526,0.09073
Jefferson,77640,16790,256526,0.06545
Jefferson,77642,39054,256526,0.15224
Jefferson,77651,13676,256526,0.05331
Jefferson,77665,1375,256526,0.00536
Jefferson,77701,13340,256526,0.05200
Jefferson,77702,2693,256526,0.01050
Jefferson,77703,12707,256526,0.04953
Jefferson,77705,38200,256526,0.14891
Jefferson,77706,28829,256526,0.11238
Jefferson,77707,17832,256526,0.06951
Jefferson,77708,13107,256526,0.05109
Jefferson,77710,4,256526,0.00002
Jefferson,77713,17114,256526,0.06671
Jim Hogg,78360,54,4838,0.01116
Jim Hogg,78361,4784,4838,0.98884
Jim Wells,78332,26682,38891,0.68607
Jim Wells,78372,6508,38891,0.16734
Jim Wells,78375,3382,38891,0.08696
Jim Wells,78383,1512,38891,0.03888
Jim Wells,78384,807,38891,0.02075
Johnson,76009,23731,179927,0.13189
Johnson,76028,51954,179927,0.28875
Johnson,76031,18168,179927,0.10097
Johnson,76033,26933,179927,0.14969
Johnson,76035,132,179927,0.00073
Johnson,76036,3249,179927,0.01806
Johnson,76044,5708,179927,0.03172
Johnson,76049,134,179927,0.00074
Johnson,76050,6676,179927,0.03710
Johnson,76058,21218,179927,0.11793
Johnson,76059,4818,179927,0.02678
Johnson,76063,5201,179927,0.02891
Johnson,76070,24,179927,0.00013
Johnson,76084,9673,179927,0.05376
Johnson,76093,2308,179927,0.01283
Jones,79501,3471,19663,0.17652
Jones,79503,193,19663,0.00982
Jones,79520,2096,19663,0.10660
Jones,79525,2969,19663,0.15099
Jones,79533,395,19663,0.02009
Jones,79536,901,19663,0.04582
Jones,79553,3094,19663,0.15735
Jones,79560,18,19663,0.00092
Jones,79601,6526,19663,0.33189
Karnes,78111,10,14710,0.00068
Karnes,78113,1042,14710,0.07084
Karnes,78116,502,14710,0.03413
Karnes,78117,328,14710,0.02230
Karnes,78118,4905,14710,0.33345
Karnes,78119,6669,14710,0.45337
Karnes,78151,1254,14710,0.08525
Kaufman,75114,9274,145310,0.06382
Kaufman,75126,61141,145310,0.42076
Kaufman,75142,22251,145310,0.15313
Kaufman,75143,7219,145310,0.04968
Kaufman,75147,4176,145310,0.02874
Kaufman,75156,25,145310,0.00017
Kaufman,75157,210,145310,0.00145
Kaufman,75158,5179,145310,0.03564
Kaufman,75159,2257,145310,0.01553
Kaufman,75160,24946,145310,0.17167
Kaufman,75161,7608,145310,0.05236
Kaufman,75169,694,145310,0.00478
Kaufman,75474,330,145310,0.00227
Kendall,78004,494,40003,0.01235
Kendall,78006,34031,40003,0.85071
Kendall,78015,4495,40003,0.11237
Kendall,78027,505,40003,0.01262
Kendall,78070,31,40003,0.00077
Kendall,78624,447,40003,0.01117
Kenedy,78338,91,350,0.26000
Kenedy,78385,259,350,0.74000
Kent,79518,88,753,0.11687
Kent,79528,565,753,0.75033
Kent,79549,100,753,0.13280
Kerr,78010,3602,52598,0.06848
Kerr,78013,1475,52598,0.02804
Kerr,78024,824,52598,0.01567
Kerr,78025,5759,52598,0.10949
Kerr,78028,39979,52598,0.76009
Kerr,78055,29,52598,0.00055
Kerr,78058,760,52598,0.01445
Kerr,78631,170,52598,0.00323
Kimble,76849,3924,4286,0.91554
Kimble,76854,303,4286,0.07070
Kimble,76859,25,4286,0.00583
Kimble,76874,21,4286,0.00490
Kimble,76883,13,4286,0.00303
King,79248,265,265,1.00000
Kinney,78832,3129,3129,1.00000
Kleberg,78363,29159,31034,0.93958
Kleberg,78379,1875,31034,0.06042
Knox,76363,235,3353,0.07009
Knox,76371,1502,3353,0.44796
Knox,76380,289,3353,0.08619
Knox,79227,60,3353,0.01789
Knox,79529,1267,3353,0.37787
La Salle,78014,5155,6664,0.77356
La Salle,78019,1417,6664,0.21264
La Salle,78021,92,6664,0.01381
Lamar,75411,1001,50088,0.01998
Lamar,75416,3009,50088,0.06007
Lamar,75421,1049,50088,0.02094
Lamar,75435,1206,50088,0.02408
Lamar,75436,497,50088,0.00992
Lamar,75446,272,50088,0.00543
Lamar,75460,21814,50088,0.43551
Lamar,75462,12269,50088,0.24495
Lamar,75468,888,50088,0.01773
Lamar,75470,306,50088,0.00611
Lamar,75473,4113,50088,0.08212
Lamar,75477,979,50088,0.01955
Lamar,75486,2685,50088,0.05361
Lamb,79031,1245,13045,0.09544
Lamb,79064,2508,13045,0.19226
Lamb,79082,295,13045,0.02261
Lamb,79312,1039,13045,0.07965
Lamb,79326,121,13045,0.00928
Lamb,79339,6719,13045,0.51506
Lamb,79371,1118,13045,0.08570
Lampasas,76522,2984,21627,0.13798
Lampasas,76528,10,21627,0.00046
Lampasas,76539,5486,21627,0.25366
Lampasas,76550,11551,21627,0.53410
Lampasas,76824,69,21627,0.00319
Lampasas,76853,1527,21627,0.07061
Lavaca,77964,8233,20337,0.40483
Lavaca,77975,1886,20337,0.09274
Lavaca,77984,3942,20337,0.19383
Lavaca,77995,5934,20337,0.29178
Lavaca,78629,2,20337,0.00010
Lavaca,78956,340,20337,0.01672
Lee,77853,950,17478,0.05435
Lee,78621,681,17478,0.03896
Lee,78659,407,17478,0.02329
Lee,78942,8662,17478,0.49559
Lee,78946,581,17478,0.03324
Lee,78947,4775,17478,0.27320
Lee,78948,1422,17478,0.08136
Leon,75831,4098,15719,0.26070
Leon,75833,3477,15719,0.22120
Leon,75846,1366,15719,0.08690
Leon,75850,656,15719,0.04173
Leon,75855,1223,15719,0.07780
Leon,77865,1612,15719,0.10255
Leon,77871,3287,15719,0.20911
Liberty,77327,32562,91628,0.35537
Liberty,77328,3652,91628,0.03986
Liberty,77371,35,91628,0.00038
Liberty,77372,2198,91628,0.02399
Liberty,77535,33506,91628,0.36567
Liberty,77538,863,91628,0.00942
Liberty,77564,3252,91628,0.03549
Liberty,77575,15560,91628,0.16982
Limestone,75846,622,22146,0.02809
Limestone,76635,1132,22146,0.05112
Limestone,76642,6212,22146,0.28050
Limestone,76653,920,22146,0.04154
Limestone,76664,250,22146,0.01129
Limestone,76667,10411,22146,0.47011
Limestone,76678,570,22146,0.02574
Limestone,76687,2011,22146,0.09081
Limestone,76693,18,22146,0.00081
Lipscomb,79005,1642,3059,0.53678
Lipscomb,79034,849,3059,0.27754
Lipscomb,79046,493,3059,0.16116
Lipscomb,79056,75,3059,0.02452
Live Oak,78008,12,11335,0.00106
Live Oak,78022,4169,11335,0.36780
Live Oak,78071,4432,11335,0.39100
Live Oak,78075,95,11335,0.00838
Live Oak,78102,141,11335,0.01244
Live Oak,78368,890,11335,0.07852
Live Oak,78383,1596,11335,0.14080
Llano,76831,115,21243,0.00541
Llano,76885,194,21243,0.00913
Llano,78607,200,21243,0.00941
Llano,78609,2010,21243,0.09462
Llano,78611,93,21243,0.00438
Llano,78624,1,21243,0.00005
Llano,78639,7222,21243,0.33997
Llano,78643,6376,21243,0.30015
Llano,78657,4029,21243,0.18966
Llano,78672,1003,21243,0.04722
Loving,79754,64,64,1.00000
Lubbock,79311,663,310639,0.00213
Lubbock,79329,3666,310639,0.01180
Lubbock,79358,80,310639,0.00026
Lubbock,79363,7065,310639,0.02274
Lubbock,79364,7694,310639,0.02477
Lubbock,79366,1193,310639,0.00384
Lubbock,79382,7996,310639,0.02574
Lubbock,79401,8743,310639,0.02815
Lubbock,79403,15946,310639,0.05133
Lubbock,79404,10245,310639,0.03298
Lubbock,79407,21612,310639,0.06957
Lubbock,79409,6848,310639,0.02204
Lubbock,79410,8516,310639,0.02741
Lubbock,79411,7118,310639,0.02291
Lubbock,79412,15032,310639,0.04839
Lubbock,79413,20957,310639,0.06746
Lubbock,79414,17752,310639,0.05715
Lubbock,79415,17014,310639,0.05477
Lubbock,79416,36196,310639,0.11652
Lubbock,79423,42290,310639,0.13614
Lubbock,79424,54013,310639,0.17388
Lynn,79351,847,5596,0.15136
Lynn,79364,21,5596,0.00375
Lynn,79373,3319,5596,0.59310
Lynn,79381,1409,5596,0.25179
Madison,75852,3623,13455,0.26927
Madison,77831,55,13455,0.00409
Madison,77864,7188,13455,0.53423
Madison,77871,579,13455,0.04303
Madison,77872,2010,13455,0.14939
Marion,75630,1234,9725,0.12689
Marion,75640,40,9725,0.00411
Marion,75651,30,9725,0.00308
Marion,75657,7585,9725,0.77995
Marion,75668,130,9725,0.01337
Marion,75683,706,9725,0.07260
Martin,79331,20,5237,0.00382
Martin,79749,282,5237,0.05385
Martin,79782,4800,5237,0.91656
Martin,79783,135,5237,0.02578
Mason,76820,30,3953,0.00759
Mason,76825,31,3953,0.00784
Mason,76831,8,3953,0.00202
Mason,76842,104,3953,0.02631
Mason,76856,3701,3953,0.93625
Mason,76869,78,3953,0.01973
Mason,78624,1,3953,0.00025
Matagorda,77414,24310,36255,0.67053
Matagorda,77419,1498,36255,0.04132
Matagorda,77420,23,36255,0.00063
Matagorda,77422,81,36255,0.00223
Matagorda,77440,34,36255,0.00094
Matagorda,77456,111,36255,0.00306
Matagorda,77457,667,36255,0.01840
Matagorda,77458,504,36255,0.01390
Matagorda,77465,6216,36255,0.17145
Matagorda,77468,160,36255,0.00441
Matagorda,77480,234,36255,0.00645
Matagorda,77482,2417,36255,0.06667
Maverick,78852,56797,57887,0.98117
Maverick,78877,1090,57887,0.01883
McCulloch,76825,6495,7630,0.85125
McCulloch,76836,34,7630,0.00446
McCulloch,76852,247,7630,0.03237
McCulloch,76858,220,7630,0.02883
McCulloch,76872,552,7630,0.07235
McCulloch,76887,82,7630,0.01075
McLennan,76524,2217,260579,0.00851
McLennan,76557,3379,260579,0.01297
McLennan,76561,31,260579,0.00012
McLennan,76622,51,260579,0.00020
McLennan,76624,2519,260579,0.00967
McLennan,76630,1691,260579,0.00649
McLennan,76633,5819,260579,0.02233
McLennan,76638,3236,260579,0.01242
McLennan,76640,3045,260579,0.01169
McLennan,76643,15871,260579,0.06091
McLennan,76655,9811,260579,0.03765
McLennan,76657,10999,260579,0.04221
McLennan,76664,2826,260579,0.01085
McLennan,76682,2155,260579,0.00827
McLennan,76689,1388,260579,0.00533
McLennan,76691,6566,260579,0.02520
McLennan,76701,1674,260579,0.00642
McLennan,76704,7151,260579,0.02744
McLennan,76705,30785,260579,0.11814
McLennan,76706,42690,260579,0.16383
McLennan,76707,16307,260579,0.06258
McLennan,76708,27740,260579,0.10646
McLennan,76710,24808,260579,0.09520
McLennan,76711,9929,260579,0.03810
McLennan,76712,27891,260579,0.10703
McMullen,78007,161,600,0.26833
McMullen,78072,439,600,0.73167
Medina,78009,8799,50748,0.17339
Medina,78016,10513,50748,0.20716
Medina,78023,598,50748,0.01178
Medina,78039,1606,50748,0.03165
Medina,78052,1970,50748,0.03882
Medina,78056,1920,50748,0.03783
Medina,78057,36,50748,0.00071
Medina,78059,5460,50748,0.10759
Medina,78066,754,50748,0.01486
Medina,78253,3481,50748,0.06859
Medina,78850,995,50748,0.01961
Medina,78861,14158,50748,0.27899
Medina,78886,458,50748,0.00902
Menard,76825,39,1962,0.01988
Menard,76841,16,1962,0.00815
Menard,76848,78,1962,0.03976
Menard,76854,22,1962,0.01121
Menard,76859,1807,1962,0.92100
Midland,79701,29762,169983,0.17509
Midland,79703,21127,169983,0.12429
Midland,79705,44165,169983,0.25982
Midland,79706,31403,169983,0.18474
Midland,79707,38024,169983,0.22369
Midland,79758,11,169983,0.00006
Midland,79765,4669,169983,0.02747
Midland,79766,589,169983,0.00347
Midland,79782,233,169983,0.00137
Milam,76511,366,24754,0.01479
Milam,76518,1421,24754,0.05740
Milam,76519,612,24754,0.02472
Milam,76520,8022,24754,0.32407
Milam,76523,39,24754,0.00158
Milam,76530,26,24754,0.00105
Milam,76534,44,24754,0.00178
Milam,76556,1649,24754,0.06662
Milam,76567,8503,24754,0.34350
Milam,76569,1,24754,0.00004
Milam,76570,3,24754,0.00012
Milam,76577,3319,24754,0.13408
Milam,77857,749,24754,0.03026
Mills,76844,3040,4456,0.68223
Mills,76864,1131,4456,0.25382
Mills,76870,101,4456,0.02267
Mills,76880,180,4456,0.04039
Mills,76890,4,4456,0.00090
Mitchell,79512,7764,8990,0.86363
Mitchell,79532,815,8990,0.09066
Mitchell,79565,411,8990,0.04572
Montague,76228,117,19965,0.00586
Montague,76230,9709,19965,0.48630
Montague,76239,707,19965,0.03541
Montague,76251,999,19965,0.05004
Montague,76255,5223,19965,0.26161
Montague,76261,229,19965,0.01147
Montague,76265,1754,19965,0.08785
Montague,76270,1227,19965,0.06146
Montgomery,77301,35486,620443,0.05719
Montgomery,77302,19352,620443,0.03119
Montgomery,77303,21755,620443,0.03506
Montgomery,77304,38614,620443,0.06224
Montgomery,77306,14999,620443,0.02417
Montgomery,77316,27194,620443,0.04383
Montgomery,77318,17990,620443,0.02900
Montgomery,77327,97,620443,0.00016
Montgomery,77328,7385,620443,0.01190
Montgomery,77339,11525,620443,0.01858
Montgomery,77354,40080,620443,0.06460
Montgomery,77355,28845,620443,0.04649
Montgomery,77356,31706,620443,0.05110
Montgomery,77357,32321,620443,0.05209
Montgomery,77358,384,620443,0.00062
Montgomery,77362,5874,620443,0.00947
Montgomery,77365,42066,620443,0.06780
Montgomery,77372,11035,620443,0.01779
Montgomery,77378,16098,620443,0.02595
Montgomery,77380,28101,620443,0.04529
Montgomery,77381,34207,620443,0.05513
Montgomery,77382,37675,620443,0.06072
Montgomery,77384,25837,620443,0.04164
Montgomery,77385,28489,620443,0.04592
Montgomery,77386,61347,620443,0.09888
Montgomery,77447,1443,620443,0.00233
Montgomery,77873,538,620443,0.00087
Moore,79029,19323,21358,0.90472
Moore,79036,107,21358,0.00501
Moore,79058,70,21358,0.00328
Moore,79086,1858,21358,0.08699
Morris,75487,13,11973,0.00109
Morris,75568,2482,11973,0.20730
Morris,75571,1800,11973,0.15034
Morris,75638,5634,11973,0.47056
Morris,75656,521,11973,0.04351
Morris,75668,1523,11973,0.12720
Motley,79234,43,1063,0.04045
Motley,79244,747,1063,0.70273
Motley,79256,273,1063,0.25682
Nacogdoches,75760,2209,64653,0.03417
Nacogdoches,75937,2141,64653,0.03312
Nacogdoches,75943,1280,64653,0.01980
Nacogdoches,75944,697,64653,0.01078
Nacogdoches,75946,2825,64653,0.04369
Nacogdoches,75961,15051,64653,0.23280
Nacogdoches,75962,2712,64653,0.04195
Nacogdoches,75964,20308,64653,0.31411
Nacogdoches,75965,17430,64653,0.26959
Navarro,75102,1246,52624,0.02368
Navarro,75105,429,52624,0.00815
Navarro,75109,4213,52624,0.08006
Navarro,75110,30440,52624,0.57844
Navarro,75119,9,52624,0.00017
Navarro,75144,3332,52624,0.06332
Navarro,75153,174,52624,0.00331
Navarro,75155,4333,52624,0.08234
Navarro,75859,418,52624,0.00794
Navarro,76626,1925,52624,0.03658
Navarro,76639,1774,52624,0.03371
Navarro,76641,2229,52624,0.04236
Navarro,76670,7,52624,0.00013
Navarro,76679,1164,52624,0.02212
Navarro,76681,931,52624,0.01769
Newton,75928,2116,12217,0.17320
Newton,75932,2031,12217,0.16624
Newton,75933,1324,12217,0.10837
Newton,75966,3644,12217,0.29827
Newton,75977,235,12217,0.01924
Newton,77614,1786,12217,0.14619
Newton,77632,1081,12217,0.08848
Nolan,79506,450,14738,0.03053
Nolan,79535,109,14738,0.00740
Nolan,79537,61,14738,0.00414
Nolan,79545,1774,14738,0.12037
Nolan,79556,12344,14738,0.83756
Nueces,78336,7,353178,0.00002
Nueces,78343,4481,353178,0.01269
Nueces,78373,3142,353178,0.00890
Nueces,78380,25860,353178,0.07322
Nueces,78383,235,353178,0.00067
Nueces,78401,4704,353178,0.01332
Nueces,78402,625,353178,0.00177
Nueces,78404,15438,353178,0.04371
Nueces,78405,14235,353178,0.04031
Nueces,78406,1278,353178,0.00362
Nueces,78407,1676,353178,0.00475
Nueces,78408,10996,353178,0.03113
Nueces,78409,2742,353178,0.00776
Nueces,78410,29252,353178,0.08283
Nueces,78411,26335,353178,0.07457
Nueces,78412,38782,353178,0.10981
Nueces,78413,36663,353178,0.10381
Nueces,78414,46991,353178,0.13305
Nueces,78415,39028,353178,0.11051
Nueces,78416,14045,353178,0.03977
Nueces,78417,4441,353178,0.01257
Nueces,78418,31997,353178,0.09060
Nueces,78419,225,353178,0.00064
Ochiltree,79070,10015,10015,1.00000
Oldham,79001,213,1758,0.12116
Oldham,79092,1323,1758,0.75256
Oldham,79098,222,1758,0.12628
Orange,77611,10152,84808,0.11971
Orange,77630,29067,84808,0.34274
Orange,77632,20688,84808,0.24394
Orange,77662,24901,84808,0.29362
Palo Pinto,76066,180,28409,0.00634
Palo Pinto,76067,19773,28409,0.69601
Palo Pinto,76449,2603,28409,0.09163
Palo Pinto,76450,234,28409,0.00824
Palo Pinto,76453,1096,28409,0.03858
Palo Pinto,76462,632,28409,0.02225
Palo Pinto,76463,247,28409,0.00869
Palo Pinto,76472,1506,28409,0.05301
Palo Pinto,76475,815,28409,0.02869
Palo Pinto,76484,1147,28409,0.04037
Palo Pinto,76486,176,28409,0.00620
Panola,75631,2547,22491,0.11325
Panola,75633,13893,22491,0.61771
Panola,75639,2995,22491,0.13316
Panola,75643,939,22491,0.04175
Panola,75652,15,22491,0.00067
Panola,75669,1202,22491,0.05344
Panola,75672,37,22491,0.00165
Panola,75691,177,22491,0.00787
Panola,75692,5,22491,0.00022
Panola,75974,681,22491,0.03028
Parker,76008,20113,148222,0.13570
Parker,76020,13574,148222,0.09158
Parker,76023,422,148222,0.00285
Parker,76035,1266,148222,0.00854
Parker,76049,439,148222,0.00296
Parker,76066,3402,148222,0.02295
Parker,76067,370,148222,0.00250
Parker,76082,19447,148222,0.13120
Parker,76085,13191,148222,0.08899
Parker,76086,20026,148222,0.13511
Parker,76087,33748,148222,0.22769
Parker,76088,14027,148222,0.09464
Parker,76108,3142,148222,0.02120
Parker,76126,999,148222,0.00674
Parker,76462,1261,148222,0.00851
Parker,76486,356,148222,0.00240
Parker,76487,2352,148222,0.01587
Parker,76490,87,148222,0.00059
Parmer,79009,1068,9869,0.10822
Parmer,79035,4941,9869,0.50066
Parmer,79325,3382,9869,0.34269
Parmer,79347,478,9869,0.04843
Pecos,79730,218,15193,0.01435
Pecos,79735,13111,15193,0.86296
Pecos,79743,506,15193,0.03330
Pecos,79744,1157,15193,0.07615
Pecos,79781,201,15193,0.01323
Polk,75936,150,50123,0.00299
Polk,75939,3671,50123,0.07324
Polk,75960,901,50123,0.01798
Polk,77335,1954,50123,0.03898
Polk,77351,38153,50123,0.76119
Polk,77360,5294,50123,0.10562
Potter,79058,46,118525,0.00039
Potter,79068,70,118525,0.00059
Potter,79101,2189,118525,0.01847
Potter,79102,9395,118525,0.07927
Potter,79103,6347,118525,0.05355
Potter,79104,7112,118525,0.06000
Potter,79106,23836,118525,0.20111
Potter,79107,31944,118525,0.26951
Potter,79108,17662,118525,0.14901
Potter,79109,6268,118525,0.05288
Potter,79111,1638,118525,0.01382
Potter,79118,437,118525,0.00369
Potter,79121,159,118525,0.00134
Potter,79124,11422,118525,0.09637
Presidio,79843,2636,6131,0.42995
Presidio,79845,3495,6131,0.57005
Rains,75410,2015,12164,0.16565
Rains,75440,5436,12164,0.44689
Rains,75453,273,12164,0.02244
Rains,75472,4440,12164,0.36501
Randall,79015,22931,140753,0.16292
Randall,79016,363,140753,0.00258
Randall,79042,326,140753,0.00232
Randall,79098,40,140753,0.00028
Randall,79103,4163,140753,0.02958
Randall,79106,4404,140753,0.03129
Randall,79109,35202,140753,0.25010
Randall,79110,19067,140753,0.13546
Randall,79118,26589,140753,0.18891
Randall,79119,21056,140753,0.14960
Randall,79121,6442,140753,0.04577
Randall,79124,170,140753,0.00121
Reagan,76932,3385,3385,1.00000
Real,78828,5,2758,0.00181
Real,78833,735,2758,0.26650
Real,78873,1452,2758,0.52647
Real,78879,566,2758,0.20522
Red River,75412,759,11587,0.06550
Red River,75417,2509,11587,0.21654
Red River,75426,4651,11587,0.40140
Red River,75435,101,11587,0.00872
Red River,75436,1629,11587,0.14059
Red River,75487,56,11587,0.00483
Red River,75550,563,11587,0.04859
Red River,75554,1319,11587,0.11383
Reeves,79718,859,14748,0.05825
Reeves,79772,13889,14748,0.94175
Refugio,77990,715,6741,0.10607
Refugio,78340,327,6741,0.04851
Refugio,78377,3545,6741,0.52589
Refugio,78393,2154,6741,0.31954
Roberts,79059,827,827,1.00000
Robertson,76629,1870,16757,0.11160
Robertson,77807,643,16757,0.03837
Robertson,77808,681,16757,0.04064
Robertson,77837,1268,16757,0.07567
Robertson,77856,5354,16757,0.31951
Robertson,77859,6941,16757,0.41421
Rockwall,75032,35341,107819,0.32778
Rockwall,75087,40935,107819,0.37966
Rockwall,75088,4267,107819,0.03958
Rockwall,75089,2106,107819,0.01953
Rockwall,75098,1772,107819,0.01643
Rockwall,75126,50,107819,0.00046
Rockwall,75160,37,107819,0.00034
Rockwall,75189,23311,107819,0.21620
Runnels,76821,4664,9900,0.47111
Runnels,76861,1176,9900,0.11879
Runnels,76865,249,9900,0.02515
Runnels,76875,528,9900,0.05333
Runnels,76882,70,9900,0.00707
Runnels,76933,18,9900,0.00182
Runnels,79566,189,9900,0.01909
Runnels,79567,3006,9900,0.30364
Rusk,75603,1118,52214,0.02141
Rusk,75652,16925,52214,0.32415
Rusk,75654,11898,52214,0.22787
Rusk,75662,7480,52214,0.14326
Rusk,75667,2972,52214,0.05692
Rusk,75681,1914,52214,0.03666
Rusk,75684,5890,52214,0.11280
Rusk,75687,26,52214,0.00050
Rusk,75689,472,52214,0.00904
Rusk,75691,2794,52214,0.05351
Rusk,75760,14,52214,0.00027
Rusk,75784,44,52214,0.00084
Rusk,75946,667,52214,0.01277
Sabine,75930,1340,9894,0.13544
Sabine,75931,247,9894,0.02496
Sabine,75948,5735,9894,0.57964
Sabine,75959,1044,9894,0.10552
Sabine,75968,1528,9894,0.15444
San Augustine,75929,1976,7918,0.24956
San Augustine,75930,456,7918,0.05759
San Augustine,75972,5486,7918,0.69285
San Jacinto,77320,483,27402,0.01763
San Jacinto,77328,6564,27402,0.23954
San Jacinto,77331,6485,27402,0.23666
San Jacinto,77358,559,27402,0.02040
San Jacinto,77359,628,27402,0.02292
San Jacinto,77364,3263,27402,0.11908
San Jacinto,77371,7997,27402,0.29184
San Jacinto,77378,1423,27402,0.05193
San Patricio,78336,8990,68755,0.13075
San Patricio,78359,1734,68755,0.02522
San Patricio,78362,10098,68755,0.14687
San Patricio,78368,8253,68755,0.12003
San Patricio,78370,4318,68755,0.06280
San Patricio,78374,20750,68755,0.30180
San Patricio,78380,6,68755,0.00009
San Patricio,78387,9547,68755,0.13886
San Patricio,78390,5059,68755,0.07358
San Saba,76832,483,5730,0.08429
San Saba,76871,1104,5730,0.19267
San Saba,76872,155,5730,0.02705
San Saba,76877,3988,5730,0.69599
Schleicher,76936,2451,2451,1.00000
Scurry,79517,158,16932,0.00933
Scurry,79526,1009,16932,0.05959
Scurry,79527,265,16932,0.01565
Scurry,79532,4,16932,0.00024
Scurry,79549,15496,16932,0.91519
Shackelford,76430,2422,3105,0.78003
Shackelford,76464,427,3105,0.13752
Shackelford,79533,40,3105,0.01288
Shackelford,79601,216,3105,0.06957
Shelby,75935,13001,24022,0.54121
Shelby,75954,3044,24022,0.12672
Shelby,75973,2810,24022,0.11698
Shelby,75974,1775,24022,0.07389
Shelby,75975,3392,24022,0.14120
Sherman,79084,2782,2782,1.00000
Smith,75140,12,233479,0.00005
Smith,75647,1694,233479,0.00726
Smith,75662,533,233479,0.00228
Smith,75684,686,233479,0.00294
Smith,75701,34732,233479,0.14876
Smith,75702,26022,233479,0.11145
Smith,75703,43974,233479,0.18834
Smith,75704,9770,233479,0.04185
Smith,75705,2499,233479,0.01070
Smith,75706,10945,233479,0.04688
Smith,75707,17345,233479,0.07429
Smith,75708,7836,233479,0.03356
Smith,75709,5993,233479,0.02567
Smith,75750,3822,233479,0.01637
Smith,75757,7941,233479,0.03401
Smith,75762,13470,233479,0.05769
Smith,75771,22072,233479,0.09454
Smith,75773,952,233479,0.00408
Smith,75789,5078,233479,0.02175
Smith,75790,69,233479,0.00030
Smith,75791,14122,233479,0.06049
Smith,75792,3376,233479,0.01446
Smith,75798,99,233479,0.00042
Smith,75799,437,233479,0.00187
Somervell,76033,225,9205,0.02444
Somervell,76043,7319,9205,0.79511
Somervell,76048,302,9205,0.03281
Somervell,76070,585,9205,0.06355
Somervell,76077,649,9205,0.07051
Somervell,76433,125,9205,0.01358
Starr,78536,191,65920,0.00290
Starr,78547,190,65920,0.00288
Starr,78548,96,65920,0.00146
Starr,78582,44773,65920,0.67920
Starr,78584,20060,65920,0.30431
Starr,78588,293,65920,0.00444
Starr,78591,317,65920,0.00481
Stephens,76424,8588,9101,0.94363
Stephens,76429,204,9101,0.02242
Stephens,76437,27,9101,0.00297
Stephens,76450,41,9101,0.00450
Stephens,76464,29,9101,0.00319
Stephens,76470,212,9101,0.02329
Sterling,76951,1372,1372,1.00000
Stonewall,79502,1023,1245,0.82169
Stonewall,79540,222,1245,0.17831
Sutton,76874,8,3372,0.00237
Sutton,76950,3364,3372,0.99763
Swisher,79042,732,6971,0.10501
Swisher,79052,1118,6971,0.16038
Swisher,79088,5121,6971,0.73461
Tarrant,75022,473,2110640,0.00022
Tarrant,75028,169,2110640,0.00008
Tarrant,75050,11736,2110640,0.00556
Tarrant,75051,3896,2110640,0.00185
Tarrant,75052,38727,2110640,0.01835
Tarrant,75054,14221,2110640,0.00674
Tarrant,75261,1,2110640,0.00000
Tarrant,76001,33752,2110640,0.01599
Tarrant,76002,35462,2110640,0.01680
Tarrant,76006,29841,2110640,0.01414
Tarrant,76008,3300,2110640,0.00156
Tarrant,76010,55903,2110640,0.02649
Tarrant,76011,23290,2110640,0.01103
Tarrant,76012,26978,2110640,0.01278
Tarrant,76013,36419,2110640,0.01725
Tarrant,76014,35960,2110640,0.01704
Tarrant,76015,17301,2110640,0.00820
Tarrant,76016,31091,2110640,0.01473
Tarrant,76017,45542,2110640,0.02158
Tarrant,76018,27742,2110640,0.01314
Tarrant,76020,18368,2110640,0.00870
Tarrant,76021,35382,2110640,0.01676
Tarrant,76022,14634,2110640,0.00693
Tarrant,76028,21808,2110640,0.01033
Tarrant,76034,25896,2110640,0.01227
Tarrant,76036,31701,2110640,0.01502
Tarrant,76039,40010,2110640,0.01896
Tarrant,76040,32344,2110640,0.01532
Tarrant,76051,49743,2110640,0.02357
Tarrant,76052,23338,2110640,0.01106
Tarrant,76053,31528,2110640,0.01494
Tarrant,76054,12183,2110640,0.00577
Tarrant,76060,8776,2110640,0.00416
Tarrant,76063,73802,2110640,0.03497
Tarrant,76071,412,2110640,0.00020
Tarrant,76092,31463,2110640,0.01491
Tarrant,76102,13364,2110640,0.00633
Tarrant,76103,15399,2110640,0.00730
Tarrant,76104,21357,2110640,0.01012
Tarrant,76105,23252,2110640,0.01102
Tarrant,76106,36434,2110640,0.01726
Tarrant,76107,31583,2110640,0.01496
Tarrant,76108,41900,2110640,0.01985
Tarrant,76109,25434,2110640,0.01205
Tarrant,76110,29897,2110640,0.01416
Tarrant,76111,22444,2110640,0.01063
Tarrant,76112,42875,2110640,0.02031
Tarrant,76114,26537,2110640,0.01257
Tarrant,76115,20692,2110640,0.00980
Tarrant,76116,51636,2110640,0.02446
Tarrant,76117,34679,2110640,0.01643
Tarrant,76118,16842,2110640,0.00798
Tarrant,76119,51285,2110640,0.02430
Tarrant,76120,19206,2110640,0.00910
Tarrant,76122,17,2110640,0.00001
Tarrant,76123,34472,2110640,0.01633
Tarrant,76126,24179,2110640,0.01146
Tarrant,76127,2287,2110640,0.00108
Tarrant,76129,2594,2110640,0.00123
Tarrant,76131,48297,2110640,0.02288
Tarrant,76132,26238,2110640,0.01243
Tarrant,76133,52229,2110640,0.02475
Tarrant,76134,26927,2110640,0.01276
Tarrant,76135,22223,2110640,0.01053
Tarrant,76137,59376,2110640,0.02813
Tarrant,76140,32807,2110640,0.01554
Tarrant,76148,24514,2110640,0.01161
Tarrant,76155,5647,2110640,0.00268
Tarrant,76164,15689,2110640,0.00743
Tarrant,76177,19866,2110640,0.00941
Tarrant,76179,68411,2110640,0.03241
Tarrant,76180,35988,2110640,0.01705
Tarrant,76182,31091,2110640,0.01473
Tarrant,76244,76801,2110640,0.03639
Tarrant,76248,40669,2110640,0.01927
Tarrant,76262,12310,2110640,0.00583
Taylor,79508,1412,143208,0.00986
Taylor,79519,10,143208,0.00007
Taylor,79530,695,143208,0.00485
Taylor,79536,4286,143208,0.02993
Taylor,79541,867,143208,0.00605
Taylor,79561,471,143208,0.00329
Taylor,79562,4646,143208,0.03244
Taylor,79563,1153,143208,0.00805
Taylor,79566,111,143208,0.00078
Taylor,79567,37,143208,0.00026
Taylor,79601,18037,143208,0.12595
Taylor,79602,25470,143208,0.17785
Taylor,79603,24147,143208,0.16861
Taylor,79605,29874,143208,0.20861
Taylor,79606,27836,143208,0.19437
Taylor,79607,2960,143208,0.02067
Taylor,79697,151,143208,0.00105
Taylor,79698,3,143208,0.00002
Taylor,79699,1042,143208,0.00728
Terrell,78851,760,760,1.00000
Terry,79316,10875,11831,0.91920
Terry,79345,919,11831,0.07768
Terry,79359,13,11831,0.00110
Terry,79376,24,11831,0.00203
Throckmorton,76372,34,1440,0.02361
Throckmorton,76483,1018,1440,0.70694
Throckmorton,76491,388,1440,0.26944
Titus,75455,24159,31247,0.77316
Titus,75487,1299,31247,0.04157
Titus,75493,1573,31247,0.05034
Titus,75558,1932,31247,0.06183
Titus,75686,2284,31247,0.07310
Tom Green,76861,835,120003,0.00696
Tom Green,76901,30419,120003,0.25349
Tom Green,76903,31952,120003,0.26626
Tom Green,76904,37797,120003,0.31497
Tom Green,76905,13656,120003,0.11380
Tom Green,76908,1555,120003,0.01296
Tom Green,76909,432,120003,0.00360
Tom Green,76934,1700,120003,0.01417
Tom Green,76935,1114,120003,0.00928
Tom Green,76937,178,120003,0.00148
Tom Green,76940,192,120003,0.00160
Tom Green,76955,133,120003,0.00111
Tom Green,76957,40,120003,0.00033
Travis,78610,2946,1290188,0.00228
Travis,78612,699,1290188,0.00054
Travis,78613,9393,1290188,0.00728
Travis,78615,960,1290188,0.00074
Travis,78616,13,1290188,0.00001
Travis,78617,22897,1290188,0.01775
Travis,78620,3632,1290188,0.00282
Travis,78621,6424,1290188,0.00498
Travis,78634,582,1290188,0.00045
Travis,78640,71,1290188,0.00006
Travis,78641,17129,1290188,0.01328
Travis,78645,13399,1290188,0.01039
Travis,78652,6549,1290188,0.00508
Travis,78653,38708,1290188,0.03000
Travis,78654,1241,1290188,0.00096
Travis,78660,111952,1290188,0.08677
Travis,78663,24,1290188,0.00002
Travis,78664,7781,1290188,0.00603
Travis,78669,7460,1290188,0.00578
Travis,78701,11998,1290188,0.00930
Travis,78702,25238,1290188,0.01956
Travis,78703,20472,1290188,0.01587
Travis,78704,47688,1290188,0.03696
Travis,78705,30263,1290188,0.02346
Travis,78712,6028,1290188,0.00467
Travis,78719,2099,1290188,0.00163
Travis,78721,11367,1290188,0.00881
Travis,78722,7187,1290188,0.00557
Travis,78723,34517,1290188,0.02675
Travis,78724,28375,1290188,0.02199
Travis,78725,11996,1290188,0.00930
Travis,78726,15778,1290188,0.01223
Travis,78727,30812,1290188,0.02388
Travis,78728,22629,1290188,0.01754
Travis,78729,1421,1290188,0.00110
Travis,78730,8819,1290188,0.00684
Travis,78731,28016,1290188,0.02171
Travis,78732,18975,1290188,0.01471
Travis,78733,9857,1290188,0.00764
Travis,78734,23173,1290188,0.01796
Travis,78735,20058,1290188,0.01555
Travis,78736,9395,1290188,0.00728
Travis,78737,4540,1290188,0.00352
Travis,78738,29897,1290188,0.02317
Travis,78739,21029,1290188,0.01630
Travis,78741,49152,1290188,0.03810
Travis,78742,573,1290188,0.00044
Travis,78744,51226,1290188,0.03970
Travis,78745,58056,1290188,0.04500
Travis,78746,32023,1290188,0.02482
Travis,78747,21481,1290188,0.01665
Travis,78748,53486,1290188,0.04146
Travis,78749,37891,1290188,0.02937
Travis,78750,16912,1290188,0.01311
Travis,78751,17114,1290188,0.01326
Travis,78752,16887,1290188,0.01309
Travis,78753,53340,1290188,0.04134
Travis,78754,21607,1290188,0.01675
Travis,78756,9370,1290188,0.00726
Travis,78757,25900,1290188,0.02007
Travis,78758,51875,1290188,0.04021
Travis,78759,39808,1290188,0.03085
Trinity,75845,2678,13602,0.19688
Trinity,75847,187,13602,0.01375
Trinity,75856,325,13602,0.02389
Trinity,75862,9279,13602,0.68218
Trinity,75926,1133,13602,0.08330
Tyler,75936,1550,19798,0.07829
Tyler,75938,1168,19798,0.05900
Tyler,75979,11220,19798,0.56672
Tyler,77616,1471,19798,0.07430
Tyler,77624,84,19798,0.00424
Tyler,77660,1234,19798,0.06233
Tyler,77664,3071,19798,0.15512
Upshur,75451,6,40892,0.00015
Upshur,75494,135,40892,0.00330
Upshur,75604,231,40892,0.00565
Upshur,75605,53,40892,0.00130
Upshur,75640,4017,40892,0.09823
Upshur,75644,11358,40892,0.27776
Upshur,75645,10894,40892,0.26641
Upshur,75647,4919,40892,0.12029
Upshur,75683,3267,40892,0.07989
Upshur,75686,876,40892,0.02142
Upshur,75755,5048,40892,0.12345
Upshur,75765,88,40892,0.00215
Upton,79752,2219,3308,0.67080
Upton,79755,1089,3308,0.32920
Uvalde,78801,21024,24564,0.85589
Uvalde,78838,295,24564,0.01201
Uvalde,78870,713,24564,0.02903
Uvalde,78881,2004,24564,0.08158
Uvalde,78884,528,24564,0.02149
Val Verde,78837,285,47586,0.00599
Val Verde,78840,46811,47586,0.98371
Val Verde,78843,490,47586,0.01030
Van Zandt,75103,16711,59541,0.28066
Van Zandt,75117,4374,59541,0.07346
Van Zandt,75127,2265,59541,0.03804
Van Zandt,75140,6231,59541,0.10465
Van Zandt,75147,2682,59541,0.04504
Van Zandt,75169,13078,59541,0.21965
Van Zandt,75752,25,59541,0.00042
Van Zandt,75754,7029,59541,0.11805
Van Zandt,75758,15,59541,0.00025
Van Zandt,75778,1486,59541,0.02496
Van Zandt,75790,5645,59541,0.09481
Victoria,77901,40542,91319,0.44396
Victoria,77904,29639,91319,0.32457
Victoria,77905,15760,91319,0.17258
Victoria,77951,1804,91319,0.01975
Victoria,77968,3187,91319,0.03490
Victoria,77974,245,91319,0.00268
Victoria,77979,13,91319,0.00014
Victoria,77995,129,91319,0.00141
Walker,75852,110,76400,0.00144
Walker,75862,230,76400,0.00301
Walker,77318,12,76400,0.00016
Walker,77320,36991,76400,0.48418
Walker,77340,34728,76400,0.45455
Walker,77358,3638,76400,0.04762
Walker,77831,393,76400,0.00514
Walker,77873,298,76400,0.00390
Waller,77355,819,56794,0.01442
Waller,77363,230,56794,0.00405
Waller,77423,13939,56794,0.24543
Waller,77445,19978,56794,0.35176
Waller,77447,4525,56794,0.07967
Waller,77484,10804,56794,0.19023
Waller,77493,6265,56794,0.11031
Waller,77494,234,56794,0.00412
Ward,79719,329,11644,0.02825
Ward,79742,477,11644,0.04097
Ward,79756,10756,11644,0.92374
Ward,79777,82,11644,0.00704
Washington,77426,1891,35805,0.05281
Washington,77833,29237,35805,0.81656
Washington,77835,2320,35805,0.06480
Washington,77880,1773,35805,0.04952
Washington,78932,401,35805,0.01120
Washington,78946,183,35805,0.00511
Webb,78040,36811,267114,0.13781
Webb,78041,48768,267114,0.18257
Webb,78043,42087,267114,0.15756
Webb,78045,65269,267114,0.24435
Webb,78046,73403,267114,0.27480
Webb,78344,257,267114,0.00096
Webb,78369,519,267114,0.00194
Wharton,77420,2178,41570,0.05239
Wharton,77434,257,41570,0.00618
Wharton,77435,5447,41570,0.13103
Wharton,77437,17520,41570,0.42146
Wharton,77455,2309,41570,0.05554
Wharton,77488,13859,41570,0.33339
Wheeler,79011,350,4990,0.07014
Wheeler,79061,280,4990,0.05611
Wheeler,79079,2362,4990,0.47335
Wheeler,79096,1998,4990,0.40040
Wichita,76301,15402,129350,0.11907
Wichita,76302,10988,129350,0.08495
Wichita,76305,6775,129350,0.05238
Wichita,76306,14966,129350,0.11570
Wichita,76308,19489,129350,0.15067
Wichita,76309,12793,129350,0.09890
Wichita,76310,18577,129350,0.14362
Wichita,76311,6349,129350,0.04908
Wichita,76354,11350,129350,0.08775
Wichita,76360,2779,129350,0.02148
Wichita,76367,9882,129350,0.07640
Wilbarger,76360,46,12887,0.00357
Wilbarger,76364,182,12887,0.01412
Wilbarger,76373,148,12887,0.01148
Wilbarger,76384,12467,12887,0.96741
Wilbarger,79225,3,12887,0.00023
Wilbarger,79247,41,12887,0.00318
Willacy,78569,5210,20164,0.25838
Willacy,78580,13658,20164,0.67735
Willacy,78590,731,20164,0.03625
Willacy,78594,244,20164,0.01210
Willacy,78598,321,20164,0.01592
Williamson,76511,1257,609017,0.00206
Williamson,76527,4542,609017,0.00746
Williamson,76530,2896,609017,0.00476
Williamson,76537,10911,609017,0.01792
Williamson,76574,19367,609017,0.03180
Williamson,76577,111,609017,0.00018
Williamson,76578,1939,609017,0.00318
Williamson,78613,79238,609017,0.13011
Williamson,78615,898,609017,0.00147
Williamson,78621,697,609017,0.00114
Williamson,78626,41769,609017,0.06858
Williamson,78628,46505,609017,0.07636
Williamson,78633,26277,609017,0.04315
Williamson,78634,39917,609017,0.06554
Williamson,78641,63792,609017,0.10475
Williamson,78642,19443,609017,0.03193
Williamson,78660,23,609017,0.00004
Williamson,78664,53113,609017,0.08721
Williamson,78665,56874,609017,0.09339
Williamson,78681,56685,609017,0.09308
Williamson,78717,36403,609017,0.05977
Williamson,78727,27,609017,0.00004
Williamson,78728,2928,609017,0.00481
Williamson,78729,30691,609017,0.05039
Williamson,78750,12356,609017,0.02029
Williamson,78759,358,609017,0.00059
Wilson,78064,43,49753,0.00086
Wilson,78101,5863,49753,0.11784
Wilson,78112,272,49753,0.00547
Wilson,78113,122,49753,0.00245
Wilson,78114,22170,49753,0.44560
Wilson,78121,12440,49753,0.25004
Wilson,78147,3210,49753,0.06452
Wilson,78152,22,49753,0.00044
Wilson,78160,4732,49753,0.09511
Wilson,78161,815,49753,0.01638
Wilson,78223,64,49753,0.00129
Winkler,79745,6848,7791,0.87896
Winkler,79789,943,7791,0.12104
Wise,76020,457,68632,0.00666
Wise,76023,6911,68632,0.10070
Wise,76052,547,68632,0.00797
Wise,76071,3681,68632,0.05363
Wise,76073,6592,68632,0.09605
Wise,76078,9900,68632,0.14425
Wise,76082,2385,68632,0.03475
Wise,76225,3750,68632,0.05464
Wise,76234,18024,68632,0.26262
Wise,76247,34,68632,0.00050
Wise,76259,33,68632,0.00048
Wise,76270,784,68632,0.01142
Wise,76426,11478,68632,0.16724
Wise,76431,3506,68632,0.05108
Wise,76487,550,68632,0.00801
Wood,75410,4757,44843,0.10608
Wood,75431,468,44843,0.01044
Wood,75440,218,44843,0.00486
Wood,75480,198,44843,0.00442
Wood,75494,8464,44843,0.18875
Wood,75497,2993,44843,0.06674
Wood,75765,8431,44843,0.18801
Wood,75773,10761,44843,0.23997
Wood,75783,8553,44843,0.19073
Yoakum,79323,5817,7694,0.75604
Yoakum,79355,1877,7694,0.24396
Young,76372,959,17867,0.05367
Young,76374,3913,17867,0.21901
Young,76450,12639,17867,0.70739
Young,76460,258,17867,0.01444
Young,76481,98,17867,0.00548
Zapata,78067,594,13889,0.04277
Zapata,78076,13276,13889,0.95586
Zapata,78361,19,13889,0.00137
Zavala,78829,855,9670,0.08842
Zavala,78839,7332,9670,0.75822
Zavala,78872,1483,9670,0.15336
