District,ZIPCode,Population,TotalPopulation,Weight
1,75140,12,845787,0.00001
1,75410,4757,845787,0.00562
1,75411,1001,845787,0.00118
1,75412,759,845787,0.00090
1,75416,3009,845787,0.00356
1,75417,2509,845787,0.00297
1,75421,1049,845787,0.00124
1,75426,4651,845787,0.00550
1,75431,468,845787,0.00055
1,75435,1307,845787,0.00155
1,75436,2126,845787,0.00251
1,75440,218,845787,0.00026
1,75446,272,845787,0.00032
1,75451,1485,845787,0.00176
1,75455,24159,845787,0.02856
1,75457,6586,845787,0.00779
1,75460,21814,845787,0.02579
1,75462,12269,845787,0.01451
1,75468,888,845787,0.00105
1,75470,306,845787,0.00036
1,75473,4113,845787,0.00486
1,75477,979,845787,0.00116
1,75480,1962,845787,0.00232
1,75486,2685,845787,0.00317
1,75487,2019,845787,0.00239
1,75493,1573,845787,0.00186
1,75494,9957,845787,0.01177
1,75497,2993,845787,0.00354
1,75501,37308,845787,0.04411
1,75503,25021,845787,0.02958
1,75550,563,845787,0.00067
1,75551,8883,845787,0.01050
1,75554,1475,845787,0.00174
1,75555,1808,845787,0.00214
1,75556,869,845787,0.00103
1,75558,1932,845787,0.00228
1,75559,5341,845787,0.00631
1,75560,1154,845787,0.00136
1,75561,5212,845787,0.00616
1,75563,4947,845787,0.00585
1,75566,891,845787,0.00105
1,75567,3539,845787,0.00418
1,75568,2868,845787,0.00339
1,75569,3597,845787,0.00425
1,75570,11093,845787,0.01312
1,75571,1800,845787,0.00213
1,75572,4274,845787,0.00505
1,75574,1776,845787,0.00210
1,75601,15897,845787,0.01880
1,75602,22073,845787,0.02610
1,75603,5606,845787,0.00663
1,75604,30647,845787,0.03623
1,75605,33145,845787,0.03919
1,75630,2219,845787,0.00262
1,75631,2547,845787,0.00301
1,75633,13893,845787,0.01643
1,75638,5634,845787,0.00666
1,75639,2995,845787,0.00354
1,75640,5415,845787,0.00640
1,75643,939,845787,0.00111
1,75644,11358,845787,0.01343
1,75645,10921,845787,0.01291
1,75647,13428,845787,0.01588
1,75650,9878,845787,0.01168
1,75651,2118,845787,0.00250
1,75652,16940,845787,0.02003
1,75654,11898,845787,0.01407
1,75656,4628,845787,0.00547
1,75657,8070,845787,0.00954
1,75661,2273,845787,0.00269
1,75662,26028,845787,0.03077
1,75667,2972,845787,0.00351
1,75668,1653,845787,0.00195
1,75669,1202,845787,0.00142
1,75670,17045,845787,0.02015
1,75672,17455,845787,0.02064
1,75681,1914,845787,0.00226
1,75683,3973,845787,0.00470
1,75684,6576,845787,0.00778
1,75686,14145,845787,0.01672
1,75687,26,845787,0.00003
1,75689,472,845787,0.00056
1,75691,2990,845787,0.00354
1,75692,5190,845787,0.00614
1,75693,6506,845787,0.00769
1,75701,34732,845787,0.04106
1,75702,26022,845787,0.03077
1,75703,43974,845787,0.05199
1,75704,9770,845787,0.01155
1,75705,2499,845787,0.00295
1,75706,10945,845787,0.01294
1,75707,17345,845787,0.02051
1,75708,7836,845787,0.00926
1,75709,5993,845787,0.00709
1,75750,3822,845787,0.00452
1,75755,5048,845787,0.00597
1,75757,7941,845787,0.00939
1,75760,14,845787,0.00002
1,75762,13470,845787,0.01593
1,75765,8519,845787,0.01007
1,75771,22072,845787,0.02610
1,75773,11713,845787,0.01385
1,75783,8553,845787,0.01011
1,75784,44,845787,0.00005
1,75789,5078,845787,0.00600
1,75790,69,845787,0.00008
1,75791,14122,845787,0.01670
1,75792,3376,845787,0.00399
1,75798,99,845787,0.00012
1,75799,437,845787,0.00052
1,75946,667,845787,0.00079
1,75974,681,845787,0.00081
2,75032,35341,944576,0.03741
2,75040,7567,944576,0.00801
2,75041,27361,944576,0.02897
2,75043,63902,944576,0.06765
2,75087,40935,944576,0.04334
2,75088,4267,944576,0.00452
2,75089,2106,944576,0.00223
2,75098,1772,944576,0.00188
2,75103,16711,944576,0.01769
2,75114,9274,944576,0.00982
2,75117,4374,944576,0.00463
2,75126,61191,944576,0.06478
2,75127,2265,944576,0.00240
2,75135,7811,944576,0.00827
2,75140,6231,944576,0.00660
2,75142,22251,944576,0.02356
2,75143,7219,944576,0.00764
2,75147,6858,944576,0.00726
2,75149,59982,944576,0.06350
2,75150,63988,944576,0.06774
2,75156,25,944576,0.00003
2,75157,210,944576,0.00022
2,75158,5179,944576,0.00548
2,75159,22586,944576,0.02391
2,75160,26464,944576,0.02802
2,75161,7608,944576,0.00805
2,75169,15521,944576,0.01643
2,75180,26540,944576,0.02810
2,75181,27607,944576,0.02923
2,75182,7998,944576,0.00847
2,75189,33089,944576,0.03503
2,75206,105,944576,0.00011
2,75214,7360,944576,0.00779
2,75217,19236,944576,0.02036
2,75218,23197,944576,0.02456
2,75223,2606,944576,0.00276
2,75228,49529,944576,0.05244
2,75238,9034,944576,0.00956
2,75253,25766,944576,0.02728
2,75401,19117,944576,0.02024
2,75402,19444,944576,0.02058
2,75410,2015,944576,0.00213
2,75415,99,944576,0.00010
2,75418,14324,944576,0.01516
2,75420,364,944576,0.00039
2,75422,2945,944576,0.00312
2,75423,3047,944576,0.00323
2,75424,155,944576,0.00016
2,75428,10915,944576,0.01156
2,75431,3677,944576,0.00389
2,75432,3693,944576,0.00391
2,75433,4120,944576,0.00436
2,75437,245,944576,0.00026
2,75438,1380,944576,0.00146
2,75439,1038,944576,0.00110
2,75440,5436,944576,0.00575
2,75442,1320,944576,0.00140
2,75446,2956,944576,0.00313
2,75447,575,944576,0.00061
2,75448,809,944576,0.00086
2,75449,1219,944576,0.00129
2,75450,18,944576,0.00002
2,75452,5337,944576,0.00565
2,75453,3241,944576,0.00343
2,75469,518,944576,0.00055
2,75471,1013,944576,0.00107
2,75472,4440,944576,0.00470
2,75474,16218,944576,0.01717
2,75476,2093,944576,0.00222
2,75478,518,944576,0.00055
2,75479,2056,944576,0.00218
2,75481,196,944576,0.00021
2,75482,26654,944576,0.02822
2,75488,1237,944576,0.00131
2,75490,2704,944576,0.00286
2,75491,857,944576,0.00091
2,75492,314,944576,0.00033
2,75496,3003,944576,0.00318
2,75752,25,944576,0.00003
2,75754,7029,944576,0.00744
2,75758,15,944576,0.00002
2,75778,1486,944576,0.00157
2,75790,5645,944576,0.00598
3,75124,3988,877170,0.00455
3,75143,7610,877170,0.00868
3,75147,236,877170,0.00027
3,75148,5896,877170,0.00672
3,75156,16785,877170,0.01914
3,75163,2343,877170,0.00267
3,75687,9,877170,0.00001
3,75751,16851,877170,0.01921
3,75752,7063,877170,0.00805
3,75756,3608,877170,0.00411
3,75757,4818,877170,0.00549
3,75758,9412,877170,0.01073
3,75760,2209,877170,0.00252
3,75763,5582,877170,0.00636
3,75766,23426,877170,0.02671
3,75770,3098,877170,0.00353
3,75778,2407,877170,0.00274
3,75784,438,877170,0.00050
3,75785,11844,877170,0.01350
3,75789,4954,877170,0.00565
3,75801,16643,877170,0.01897
3,75803,17094,877170,0.01949
3,75835,11108,877170,0.01266
3,75839,5884,877170,0.00671
3,75844,4905,877170,0.00559
3,75845,2678,877170,0.00305
3,75847,1530,877170,0.00174
3,75851,4887,877170,0.00557
3,75853,1223,877170,0.00139
3,75856,325,877170,0.00037
3,75861,14175,877170,0.01616
3,75862,9279,877170,0.01058
3,75901,28386,877170,0.03236
3,75904,34390,877170,0.03921
3,75925,3164,877170,0.00361
3,75926,1133,877170,0.00129
3,75928,2116,877170,0.00241
3,75929,1976,877170,0.00225
3,75930,1796,877170,0.00205
3,75931,2425,877170,0.00276
3,75932,2031,877170,0.00232
3,75933,1689,877170,0.00193
3,75935,13001,877170,0.01482
3,75936,1700,877170,0.00194
3,75937,2141,877170,0.00244
3,75938,1168,877170,0.00133
3,75939,3671,877170,0.00419
3,75941,8523,877170,0.00972
3,75943,1280,877170,0.00146
3,75944,697,877170,0.00079
3,75946,2825,877170,0.00322
3,75948,5735,877170,0.00654
3,75949,7984,877170,0.00910
3,75951,13984,877170,0.01594
3,75954,3044,877170,0.00347
3,75956,6517,877170,0.00743
3,75959,1044,877170,0.00119
3,75960,901,877170,0.00103
3,75961,15051,877170,0.01716
3,75962,2712,877170,0.00309
3,75964,20308,877170,0.02315
3,75965,17430,877170,0.01987
3,75966,3644,877170,0.00415
3,75968,1528,877170,0.00174
3,75969,4610,877170,0.00526
3,75972,5486,877170,0.00625
3,75973,2810,877170,0.00320
3,75974,1775,877170,0.00202
3,75975,3392,877170,0.00387
3,75976,1756,877170,0.00200
3,75977,235,877170,0.00027
3,75979,11220,877170,0.01279
3,75980,2502,877170,0.00285
3,77303,14912,877170,0.01700
3,77304,38,877170,0.00004
3,77306,124,877170,0.00014
3,77316,739,877170,0.00084
3,77318,17255,877170,0.01967
3,77320,483,877170,0.00055
3,77327,32562,877170,0.03712
3,77328,12737,877170,0.01452
3,77331,6485,877170,0.00739
3,77335,1954,877170,0.00223
3,77351,38153,877170,0.04350
3,77356,30340,877170,0.03459
3,77358,943,877170,0.00108
3,77359,628,877170,0.00072
3,77360,5294,877170,0.00604
3,77364,3263,877170,0.00372
3,77371,8032,877170,0.00916
3,77372,2198,877170,0.00251
3,77378,17521,877170,0.01997
3,77519,1108,877170,0.00126
3,77535,33506,877170,0.03820
3,77538,863,877170,0.00098
3,77564,3312,877170,0.00378
3,77575,15560,877170,0.01774
3,77585,1614,877170,0.00184
3,77611,10152,877170,0.01157
3,77612,9371,877170,0.01068
3,77614,1786,877170,0.00204
3,77616,1471,877170,0.00168
3,77624,84,877170,0.00010
3,77625,9752,877170,0.01112
3,77630,29067,877170,0.03314
3,77632,21769,877170,0.02482
3,77656,16676,877170,0.01901
3,77657,22013,877170,0.02510
3,77659,4972,877170,0.00567
3,77660,1234,877170,0.00141
3,77662,25466,877170,0.02903
3,77664,3107,877170,0.00354
3,77873,538,877170,0.00061
4,77301,35486,1019150,0.03482
4,77302,19352,1019150,0.01899
4,77303,6843,1019150,0.00671
4,77304,38576,1019150,0.03785
4,77306,14875,1019150,0.01460
4,77316,26455,1019150,0.02596
4,77318,735,1019150,0.00072
4,77327,97,1019150,0.00010
4,77328,4864,1019150,0.00477
4,77336,14899,1019150,0.01462
4,77338,1349,1019150,0.00132
4,77339,43425,1019150,0.04261
4,77345,26925,1019150,0.02642
4,77346,27441,1019150,0.02693
4,77354,40080,1019150,0.03933
4,77355,28845,1019150,0.02830
4,77356,1366,1019150,0.00134
4,77357,32820,1019150,0.03220
4,77362,5874,1019150,0.00576
4,77365,43301,1019150,0.04249
4,77372,11035,1019150,0.01083
4,77375,5857,1019150,0.00575
4,77380,28101,1019150,0.02757
4,77381,34207,1019150,0.03356
4,77382,37675,1019150,0.03697
4,77384,25837,1019150,0.02535
4,77385,28489,1019150,0.02795
4,77386,61347,1019150,0.06019
4,77389,22429,1019150,0.02201
4,77447,1443,1019150,0.00142
4,77514,3596,1019150,0.00353
4,77520,8,1019150,0.00001
4,77521,16628,1019150,0.01632
4,77523,29631,1019150,0.02907
4,77532,29455,1019150,0.02890
4,77535,1801,1019150,0.00177
4,77560,834,1019150,0.00082
4,77562,826,1019150,0.00081
4,77597,789,1019150,0.00077
4,77619,17389,1019150,0.01706
4,77622,1142,1019150,0.00112
4,77627,23274,1019150,0.02284
4,77640,16790,1019150,0.01647
4,77642,39054,1019150,0.03832
4,77650,2770,1019150,0.00272
4,77651,13676,1019150,0.01342
4,77665,7633,1019150,0.00749
4,77701,13340,1019150,0.01309
4,77702,2693,1019150,0.00264
4,77703,12707,1019150,0.01247
4,77705,38200,1019150,0.03748
4,77706,28829,1019150,0.02829
4,77707,17832,1019150,0.01750
4,77708,13107,1019150,0.01286
4,77710,4,1019150,0.00000
4,77713,17114,1019150,0.01679
5,75831,4387,1060800,0.00414
5,75833,3477,1060800,0.00328
5,75838,342,1060800,0.00032
5,75840,7433,1060800,0.00701
5,75846,1988,1060800,0.00187
5,75850,656,1060800,0.00062
5,75852,3733,1060800,0.00352
5,75855,2520,1060800,0.00238
5,75859,1409,1060800,0.00133
5,75860,7159,1060800,0.00675
5,75862,230,1060800,0.00022
5,76511,1623,1060800,0.00153
5,76518,1421,1060800,0.00134
5,76519,612,1060800,0.00058
5,76520,8022,1060800,0.00756
5,76523,39,1060800,0.00004
5,76527,4542,1060800,0.00428
5,76530,2922,1060800,0.00275
5,76534,44,1060800,0.00004
5,76537,10911,1060800,0.01029
5,76556,1649,1060800,0.00155
5,76567,8503,1060800,0.00802
5,76569,1,1060800,0.00000
5,76570,3,1060800,0.00000
5,76574,19367,1060800,0.01826
5,76577,3430,1060800,0.00323
5,76578,1939,1060800,0.00183
5,76629,1870,1060800,0.00176
5,76635,1132,1060800,0.00107
5,76642,6212,1060800,0.00586
5,76653,920,1060800,0.00087
5,76664,250,1060800,0.00024
5,76667,10411,1060800,0.00981
5,76678,570,1060800,0.00054
5,76687,2011,1060800,0.00190
5,76693,1524,1060800,0.00144
5,77318,12,1060800,0.00001
5,77320,36991,1060800,0.03487
5,77340,34728,1060800,0.03274
5,77356,112,1060800,0.00011
5,77358,3638,1060800,0.00343
5,77363,3742,1060800,0.00353
5,77484,509,1060800,0.00048
5,77801,15665,1060800,0.01477
5,77802,25421,1060800,0.02396
5,77803,30177,1060800,0.02845
5,77807,13211,1060800,0.01245
5,77808,14813,1060800,0.01396
5,77830,2963,1060800,0.00279
5,77831,3001,1060800,0.00283
5,77837,1268,1060800,0.00120
5,77840,66392,1060800,0.06259
5,77843,1211,1060800,0.00114
5,77845,66622,1060800,0.06280
5,77856,5354,1060800,0.00505
5,77857,749,1060800,0.00071
5,77859,7521,1060800,0.00709
5,77861,3019,1060800,0.00285
5,77864,7188,1060800,0.00678
5,77865,1612,1060800,0.00152
5,77868,16721,1060800,0.01576
5,77871,3866,1060800,0.00364
5,77872,2010,1060800,0.00189
5,77873,1028,1060800,0.00097
5,78613,79238,1060800,0.07470
5,78615,898,1060800,0.00085
5,78621,697,1060800,0.00066
5,78626,41769,1060800,0.03937
5,78628,46505,1060800,0.04384
5,78633,26277,1060800,0.02477
5,78634,39917,1060800,0.03763
5,78641,63792,1060800,0.06014
5,78642,19443,1060800,0.01833
5,78660,23,1060800,0.00002
5,78664,53113,1060800,0.05007
5,78665,56874,1060800,0.05361
5,78681,56685,1060800,0.05344
5,78717,36403,1060800,0.03432
5,78727,27,1060800,0.00003
5,78728,2928,1060800,0.00276
5,78729,30691,1060800,0.02893
5,78750,12356,1060800,0.01165
5,78759,358,1060800,0.00034
6,77002,17,829336,0.00002
6,77003,6811,829336,0.00821
6,77007,6004,829336,0.00724
6,77009,29606,829336,0.03570
6,77011,16646,829336,0.02007
6,77012,18408,829336,0.02220
6,77013,8286,829336,0.00999
6,77015,35818,829336,0.04319
6,77016,1747,829336,0.00211
6,77017,31367,829336,0.03782
6,77020,13921,829336,0.01679
6,77022,19880,829336,0.02397
6,77023,26460,829336,0.03191
6,77026,2900,829336,0.00350
6,77029,8887,829336,0.01072
6,77032,3433,829336,0.00414
6,77034,30722,829336,0.03704
6,77037,18988,829336,0.02290
6,77038,16246,829336,0.01959
6,77039,28974,829336,0.03494
6,77044,28826,829336,0.03476
6,77049,5033,829336,0.00607
6,77050,2878,829336,0.00347
6,77060,38682,829336,0.04664
6,77061,23629,829336,0.02849
6,77067,13107,829336,0.01580
6,77075,42406,829336,0.05113
6,77076,31268,829336,0.03770
6,77078,8044,829336,0.00970
6,77087,34661,829336,0.04179
6,77088,4153,829336,0.00501
6,77089,24401,829336,0.02942
6,77093,47672,829336,0.05748
6,77396,19459,829336,0.02346
6,77502,26396,829336,0.03183
6,77503,19905,829336,0.02400
6,77504,1997,829336,0.00241
6,77506,35096,829336,0.04232
6,77520,32359,829336,0.03902
6,77521,7305,829336,0.00881
6,77523,690,829336,0.00083
6,77530,29668,829336,0.03577
6,77536,178,829336,0.00021
6,77547,9627,829336,0.01161
6,77562,622,829336,0.00075
6,77587,16153,829336,0.01948
7,77024,30688,1009368,0.03040
7,77040,4548,1009368,0.00451
7,77041,25272,1009368,0.02504
7,77042,3137,1009368,0.00311
7,77043,14295,1009368,0.01416
7,77063,185,1009368,0.00018
7,77064,29083,1009368,0.02881
7,77065,36666,1009368,0.03633
7,77068,10969,1009368,0.01087
7,77069,18471,1009368,0.01830
7,77070,52689,1009368,0.05220
7,77073,10254,1009368,0.01016
7,77079,10184,1009368,0.01009
7,77084,83216,1009368,0.08244
7,77090,19902,1009368,0.01972
7,77095,71818,1009368,0.07115
7,77338,7025,1009368,0.00696
7,77373,63360,1009368,0.06277
7,77375,56583,1009368,0.05606
7,77377,40210,1009368,0.03984
7,77379,85276,1009368,0.08448
7,77388,51659,1009368,0.05118
7,77389,20034,1009368,0.01985
7,77429,94458,1009368,0.09358
7,77433,74103,1009368,0.07342
7,77447,415,1009368,0.00041
7,77449,94868,1009368,0.09399
8,75002,70808,998133,0.07094
8,75013,48342,998133,0.04843
8,75023,44965,998133,0.04505
8,75024,42972,998133,0.04305
8,75025,54991,998133,0.05509
8,75033,9380,998133,0.00940
8,75034,27779,998133,0.02783
8,75035,79989,998133,0.08014
8,75040,3,998133,0.00000
8,75044,153,998133,0.00015
8,75048,24238,998133,0.02428
8,75069,37500,998133,0.03757
8,75070,115227,998133,0.11544
8,75071,45254,998133,0.04534
8,75074,52979,998133,0.05308
8,75075,36007,998133,0.03607
8,75080,54051,998133,0.05415
8,75081,37628,998133,0.03770
8,75082,27966,998133,0.02802
8,75093,46291,998133,0.04638
8,75094,23136,998133,0.02318
8,75098,22895,998133,0.02294
8,75240,12208,998133,0.01223
8,75243,31570,998133,0.03163
8,75248,235,998133,0.00024
8,75251,44,998133,0.00004
8,75252,25729,998133,0.02578
8,75287,25793,998133,0.02584
9,75050,42837,924657,0.04633
9,75051,38108,924657,0.04121
9,75052,60908,924657,0.06587
9,75060,47156,924657,0.05100
9,75061,54343,924657,0.05877
9,76006,25292,924657,0.02735
9,76010,55174,924657,0.05967
9,76011,21249,924657,0.02298
9,76012,1709,924657,0.00185
9,76013,6303,924657,0.00682
9,76014,23923,924657,0.02587
9,76015,74,924657,0.00008
9,76021,10731,924657,0.01161
9,76022,10892,924657,0.01178
9,76034,274,924657,0.00030
9,76039,38175,924657,0.04129
9,76040,24431,924657,0.02642
9,76051,8817,924657,0.00954
9,76053,30037,924657,0.03248
9,76054,6876,924657,0.00744
9,76092,16116,924657,0.01743
9,76103,2309,924657,0.00250
9,76106,236,924657,0.00026
9,76111,6128,924657,0.00663
9,76112,11196,924657,0.01211
9,76117,34679,924657,0.03750
9,76118,15728,924657,0.01701
9,76120,11515,924657,0.01245
9,76131,24425,924657,0.02642
9,76137,59376,924657,0.06421
9,76148,24514,924657,0.02651
9,76155,5647,924657,0.00611
9,76177,18995,924657,0.02054
9,76180,35988,924657,0.03892
9,76182,31091,924657,0.03362
9,76244,72309,924657,0.07820
9,76248,40006,924657,0.04327
9,76262,7090,924657,0.00767
10,76001,33752,945496,0.03570
10,76002,10186,945496,0.01077
10,76006,4549,945496,0.00481
10,76008,3300,945496,0.00349
10,76010,729,945496,0.00077
10,76011,2041,945496,0.00216
10,76012,25269,945496,0.02673
10,76013,30116,945496,0.03185
10,76015,11338,945496,0.01199
10,76016,31091,945496,0.03288
10,76017,42733,945496,0.04520
10,76021,24651,945496,0.02607
10,76022,3742,945496,0.00396
10,76028,21808,945496,0.02307
10,76034,25622,945496,0.02710
10,76036,31701,945496,0.03353
10,76039,1835,945496,0.00194
10,76040,7913,945496,0.00837
10,76051,118,945496,0.00012
10,76053,1491,945496,0.00158
10,76054,5307,945496,0.00561
10,76060,8776,945496,0.00928
10,76063,71091,945496,0.07519
10,76092,14608,945496,0.01545
10,76102,13364,945496,0.01413
10,76103,13090,945496,0.01384
10,76104,21357,945496,0.02259
10,76105,23252,945496,0.02459
10,76106,35992,945496,0.03807
10,76107,6471,945496,0.00684
10,76108,8660,945496,0.00916
10,76109,25015,945496,0.02646
10,76110,29897,945496,0.03162
10,76111,16316,945496,0.01726
10,76112,31679,945496,0.03351
10,76114,1854,945496,0.00196
10,76115,20692,945496,0.02188
10,76116,8185,945496,0.00866
10,76118,1114,945496,0.00118
10,76119,51285,945496,0.05424
10,76120,7691,945496,0.00813
10,76122,17,945496,0.00002
10,76123,34472,945496,0.03646
10,76126,24179,945496,0.02557
10,76129,2594,945496,0.00274
10,76132,26238,945496,0.02775
10,76133,52229,945496,0.05524
10,76134,26927,945496,0.02848
10,76140,32807,945496,0.03470
10,76164,15689,945496,0.01659
10,76248,663,945496,0.00070
11,77034,4777,933256,0.00512
11,77058,18041,933256,0.01933
11,77059,18296,933256,0.01960
11,77062,26420,933256,0.02831
11,77089,31283,933256,0.03352
11,77486,21,933256,0.00002
11,77502,11689,933256,0.01252
11,77503,5345,933256,0.00573
11,77504,23267,933256,0.02493
11,77505,21378,933256,0.02291
11,77507,1148,933256,0.00123
11,77510,16996,933256,0.01821
11,77511,50365,933256,0.05397
11,77515,26902,933256,0.02883
11,77517,6021,933256,0.00645
11,77518,9598,933256,0.01028
11,77534,3057,933256,0.00328
11,77536,34537,933256,0.03701
11,77539,47377,933256,0.05077
11,77541,910,933256,0.00098
11,77545,143,933256,0.00015
11,77546,54461,933256,0.05836
11,77550,24207,933256,0.02594
11,77551,22446,933256,0.02405
11,77554,9240,933256,0.00990
11,77563,9810,933256,0.01051
11,77565,7156,933256,0.00767
11,77568,17619,933256,0.01888
11,77571,37008,933256,0.03965
11,77573,95643,933256,0.10248
11,77577,1249,933256,0.00134
11,77578,24518,933256,0.02627
11,77581,48187,933256,0.05163
11,77583,37182,933256,0.03984
11,77584,88449,933256,0.09477
11,77586,23431,933256,0.02511
11,77590,30740,933256,0.03294
11,77591,17506,933256,0.01876
11,77598,26833,933256,0.02875
12,75006,31,1086379,0.00003
12,75007,48822,1086379,0.04494
12,75010,33315,1086379,0.03067
12,75019,1022,1086379,0.00094
12,75022,26879,1086379,0.02474
12,75024,2434,1086379,0.00224
12,75028,46822,1086379,0.04310
12,75033,34883,1086379,0.03211
12,75034,60807,1086379,0.05597
12,75056,64705,1086379,0.05956
12,75057,15935,1086379,0.01467
12,75065,12566,1086379,0.01157
12,75067,68454,1086379,0.06301
12,75068,67298,1086379,0.06195
12,75077,36991,1086379,0.03405
12,75093,3042,1086379,0.00280
12,75261,1,1086379,0.00000
12,75287,28019,1086379,0.02579
12,76020,18368,1086379,0.01691
12,76051,40808,1086379,0.03756
12,76052,26494,1086379,0.02439
12,76071,412,1086379,0.00038
12,76078,880,1086379,0.00081
12,76092,1461,1086379,0.00134
12,76106,206,1086379,0.00019
12,76107,25112,1086379,0.02312
12,76108,33240,1086379,0.03060
12,76109,419,1086379,0.00039
12,76114,24683,1086379,0.02272
12,76116,43451,1086379,0.04000
12,76127,2287,1086379,0.00211
12,76131,23872,1086379,0.02197
12,76135,22223,1086379,0.02046
12,76177,3044,1086379,0.00280
12,76179,68411,1086379,0.06297
12,76201,524,1086379,0.00048
12,76205,10438,1086379,0.00961
12,76207,4031,1086379,0.00371
12,76208,12680,1086379,0.01167
12,76209,2262,1086379,0.00208
12,76210,44619,1086379,0.04107
12,76226,34416,1086379,0.03168
12,76227,23284,1086379,0.02143
12,76234,16,1086379,0.00001
12,76244,4492,1086379,0.00413
12,76247,20236,1086379,0.01863
12,76259,5390,1086379,0.00496
12,76262,36594,1086379,0.03368
13,77002,16632,891837,0.01865
13,77003,5118,891837,0.00574
13,77004,41340,891837,0.04635
13,77005,6593,891837,0.00739
13,77009,478,891837,0.00054
13,77010,883,891837,0.00099
13,77016,28235,891837,0.03166
13,77019,23,891837,0.00003
13,77020,10932,891837,0.01226
13,77021,28823,891837,0.03232
13,77023,433,891837,0.00049
13,77025,3344,891837,0.00375
13,77026,20406,891837,0.02288
13,77028,18652,891837,0.02091
13,77030,5854,891837,0.00656
13,77031,16190,891837,0.01815
13,77033,28168,891837,0.03158
13,77035,26490,891837,0.02970
13,77036,78377,891837,0.08788
13,77042,22602,891837,0.02534
13,77045,33093,891837,0.03711
13,77047,32102,891837,0.03600
13,77048,20522,891837,0.02301
13,77050,2113,891837,0.00237
13,77051,16677,891837,0.01870
13,77053,30852,891837,0.03459
13,77054,23890,891837,0.02679
13,77057,9403,891837,0.01054
13,77063,4738,891837,0.00531
13,77071,26379,891837,0.02958
13,77072,53681,891837,0.06019
13,77074,38681,891837,0.04337
13,77078,6843,891837,0.00767
13,77081,42545,891837,0.04770
13,77082,16810,891837,0.01885
13,77085,18046,891837,0.02023
13,77096,10247,891837,0.01149
13,77099,31173,891837,0.03495
13,77401,48,891837,0.00005
13,77459,14771,891837,0.01656
13,77477,28959,891837,0.03247
13,77489,37143,891837,0.04165
13,77545,27654,891837,0.03101
13,77583,2416,891837,0.00271
13,77584,3478,891837,0.00390
14,78602,33761,1044307,0.03233
14,78612,13563,1044307,0.01299
14,78613,9393,1044307,0.00899
14,78615,960,1044307,0.00092
14,78616,4097,1044307,0.00392
14,78617,11115,1044307,0.01064
14,78621,25726,1044307,0.02463
14,78634,582,1044307,0.00056
14,78641,17129,1044307,0.01640
14,78645,13399,1044307,0.01283
14,78650,1721,1044307,0.00165
14,78653,38865,1044307,0.03722
14,78654,1241,1044307,0.00119
14,78659,3287,1044307,0.00315
14,78660,111952,1044307,0.10720
14,78662,2526,1044307,0.00242
14,78664,7781,1044307,0.00745
14,78701,11998,1044307,0.01149
14,78702,25238,1044307,0.02417
14,78703,20472,1044307,0.01960
14,78704,47687,1044307,0.04566
14,78705,30263,1044307,0.02898
14,78712,6028,1044307,0.00577
14,78719,3,1044307,0.00000
14,78721,11367,1044307,0.01088
14,78722,7187,1044307,0.00688
14,78723,34517,1044307,0.03305
14,78724,28375,1044307,0.02717
14,78725,11996,1044307,0.01149
14,78726,15778,1044307,0.01511
14,78727,30812,1044307,0.02950
14,78728,22629,1044307,0.02167
14,78729,1421,1044307,0.00136
14,78730,8819,1044307,0.00844
14,78731,28016,1044307,0.02683
14,78732,18975,1044307,0.01817
14,78733,9404,1044307,0.00901
14,78735,7143,1044307,0.00684
14,78741,3605,1044307,0.00345
14,78742,291,1044307,0.00028
14,78744,4061,1044307,0.00389
14,78745,27710,1044307,0.02653
14,78746,31252,1044307,0.02993
14,78748,17574,1044307,0.01683
14,78749,20404,1044307,0.01954
14,78750,16912,1044307,0.01619
14,78751,17114,1044307,0.01639
14,78752,16887,1044307,0.01617
14,78753,53340,1044307,0.05108
14,78754,21607,1044307,0.02069
14,78756,9370,1044307,0.00897
14,78757,25900,1044307,0.02480
14,78758,51875,1044307,0.04967
14,78759,39808,1044307,0.03812
14,78941,108,1044307,0.00010
14,78942,77,1044307,0.00007
14,78953,887,1044307,0.00085
14,78957,10189,1044307,0.00976
14,78959,110,1044307,0.00011
15,77002,3656,943568,0.00387
15,77005,649,943568,0.00069
15,77006,22987,943568,0.02436
15,77007,36557,943568,0.03874
15,77008,36903,943568,0.03911
15,77009,6390,943568,0.00677
15,77013,8643,943568,0.00916
15,77014,36415,943568,0.03859
15,77015,21585,943568,0.02288
15,77018,27550,943568,0.02920
15,77019,18624,943568,0.01974
15,77022,8645,943568,0.00916
15,77024,570,943568,0.00060
15,77029,8178,943568,0.00867
15,77032,10135,943568,0.01074
15,77038,15503,943568,0.01643
15,77040,45650,943568,0.04838
15,77041,10585,943568,0.01122
15,77043,12480,943568,0.01323
15,77044,26176,943568,0.02774
15,77049,30637,943568,0.03247
15,77055,34938,943568,0.03703
15,77060,4512,943568,0.00478
15,77064,18914,943568,0.02005
15,77066,36355,943568,0.03853
15,77067,16458,943568,0.01744
15,77070,450,943568,0.00048
15,77073,37917,943568,0.04018
15,77080,46757,943568,0.04955
15,77086,29279,943568,0.03103
15,77088,52098,943568,0.05521
15,77090,20632,943568,0.02187
15,77091,21478,943568,0.02276
15,77092,36572,943568,0.03876
15,77098,5575,943568,0.00591
15,77338,35723,943568,0.03786
15,77339,32,943568,0.00003
15,77346,44983,943568,0.04767
15,77396,40703,943568,0.04314
15,77520,4610,943568,0.00489
15,77521,41549,943568,0.04403
15,77523,24,943568,0.00003
15,77530,8337,943568,0.00884
15,77532,5430,943568,0.00575
15,77562,11724,943568,0.01243
16,75001,16093,926818,0.01736
16,75006,48285,926818,0.05210
16,75007,3196,926818,0.00345
16,75019,44492,926818,0.04801
16,75038,36003,926818,0.03885
16,75039,24792,926818,0.02675
16,75040,56389,926818,0.06084
16,75041,3990,926818,0.00431
16,75042,38764,926818,0.04182
16,75044,47288,926818,0.05102
16,75048,8,926818,0.00001
16,75060,1121,926818,0.00121
16,75061,1547,926818,0.00167
16,75062,47090,926818,0.05081
16,75063,46603,926818,0.05028
16,75067,379,926818,0.00041
16,75082,28,926818,0.00003
16,75088,22321,926818,0.02408
16,75089,32847,926818,0.03544
16,75098,641,926818,0.00069
16,75201,648,926818,0.00070
16,75204,16836,926818,0.01817
16,75205,26271,926818,0.02835
16,75206,25707,926818,0.02774
16,75209,8773,926818,0.00947
16,75214,21149,926818,0.02282
16,75219,9312,926818,0.01005
16,75220,39873,926818,0.04302
16,75225,22691,926818,0.02448
16,75229,32319,926818,0.03487
16,75230,28300,926818,0.03053
16,75231,40462,926818,0.04366
16,75234,34124,926818,0.03682
16,75235,26,926818,0.00003
16,75238,24234,926818,0.02615
16,75240,15935,926818,0.01719
16,75243,29414,926818,0.03174
16,75244,12544,926818,0.01353
16,75248,38411,926818,0.04144
16,75251,3949,926818,0.00426
16,75252,1407,926818,0.00152
16,75254,21950,926818,0.02368
16,75261,3,926818,0.00000
16,75287,282,926818,0.00030
16,76051,321,926818,0.00035
17,77005,21095,957529,0.02203
17,77019,5692,957529,0.00594
17,77024,7455,957529,0.00779
17,77025,25743,957529,0.02688
17,77027,19462,957529,0.02033
17,77030,6549,957529,0.00684
17,77035,8850,957529,0.00924
17,77042,16334,957529,0.01706
17,77046,1152,957529,0.00120
17,77055,7307,957529,0.00763
17,77056,23862,957529,0.02492
17,77057,33090,957529,0.03456
17,77063,32874,957529,0.03433
17,77072,2159,957529,0.00225
17,77074,3474,957529,0.00363
17,77077,60574,957529,0.06326
17,77079,25308,957529,0.02643
17,77081,4675,957529,0.00488
17,77082,41721,957529,0.04357
17,77083,54016,957529,0.05641
17,77084,27219,957529,0.02843
17,77094,12143,957529,0.01268
17,77096,25571,957529,0.02671
17,77098,10937,957529,0.01142
17,77099,16971,957529,0.01772
17,77401,17108,957529,0.01787
17,77422,13279,957529,0.01387
17,77430,2228,957529,0.00233
17,77444,862,957529,0.00090
17,77449,35857,957529,0.03745
17,77450,51224,957529,0.05350
17,77459,62282,957529,0.06504
17,77461,3747,957529,0.00391
17,77469,27732,957529,0.02896
17,77471,6347,957529,0.00663
17,77477,7647,957529,0.00799
17,77478,24552,957529,0.02564
17,77479,59563,957529,0.06220
17,77480,7813,957529,0.00816
17,77486,7471,957529,0.00780
17,77493,14768,957529,0.01542
17,77494,14608,957529,0.01526
17,77498,29673,957529,0.03099
17,77515,5690,957529,0.00594
17,77531,15454,957529,0.01614
17,77534,20,957529,0.00002
17,77541,15877,957529,0.01658
17,77545,1246,957529,0.00130
17,77566,30670,957529,0.03203
17,77583,7578,957529,0.00791
18,77082,39,1036193,0.00004
18,77083,19419,1036193,0.01874
18,77355,819,1036193,0.00079
18,77363,230,1036193,0.00022
18,77406,57762,1036193,0.05574
18,77407,74588,1036193,0.07198
18,77414,24310,1036193,0.02346
18,77417,2460,1036193,0.00237
18,77418,9933,1036193,0.00959
18,77419,1498,1036193,0.00145
18,77420,2232,1036193,0.00215
18,77422,81,1036193,0.00008
18,77423,16500,1036193,0.01592
18,77426,2064,1036193,0.00199
18,77433,31917,1036193,0.03080
18,77434,4327,1036193,0.00418
18,77435,6146,1036193,0.00593
18,77437,17520,1036193,0.01691
18,77440,34,1036193,0.00003
18,77441,21555,1036193,0.02080
18,77442,1897,1036193,0.00183
18,77445,19978,1036193,0.01928
18,77447,18629,1036193,0.01798
18,77449,895,1036193,0.00086
18,77450,22545,1036193,0.02176
18,77455,2309,1036193,0.00223
18,77456,111,1036193,0.00011
18,77457,673,1036193,0.00065
18,77458,504,1036193,0.00049
18,77461,8156,1036193,0.00787
18,77465,6909,1036193,0.00667
18,77468,160,1036193,0.00015
18,77469,30645,1036193,0.02957
18,77471,36005,1036193,0.03475
18,77474,14328,1036193,0.01383
18,77479,32349,1036193,0.03122
18,77480,234,1036193,0.00023
18,77482,2417,1036193,0.00233
18,77484,14235,1036193,0.01374
18,77485,4235,1036193,0.00409
18,77488,13859,1036193,0.01337
18,77493,33527,1036193,0.03236
18,77494,118219,1036193,0.11409
18,77498,22148,1036193,0.02137
18,77833,29651,1036193,0.02862
18,77835,2397,1036193,0.00231
18,77836,11434,1036193,0.01103
18,77853,950,1036193,0.00092
18,77879,6208,1036193,0.00599
18,77880,1773,1036193,0.00171
18,77901,40542,1036193,0.03913
18,77904,29639,1036193,0.02860
18,77905,16916,1036193,0.01633
18,77951,1804,1036193,0.00174
18,77954,11561,1036193,0.01116
18,77957,9459,1036193,0.00913
18,77962,3343,1036193,0.00323
18,77963,5595,1036193,0.00540
18,77964,8233,1036193,0.00795
18,77968,3187,1036193,0.00308
18,77971,2177,1036193,0.00210
18,77974,438,1036193,0.00042
18,77975,1886,1036193,0.00182
18,77979,16693,1036193,0.01611
18,77982,1003,1036193,0.00097
18,77983,1733,1036193,0.00167
18,77984,4206,1036193,0.00406
18,77990,715,1036193,0.00069
18,77994,284,1036193,0.00027
18,77995,9857,1036193,0.00951
18,78119,23,1036193,0.00002
18,78122,166,1036193,0.00016
18,78140,3434,1036193,0.00331
18,78141,708,1036193,0.00068
18,78159,891,1036193,0.00086
18,78164,3522,1036193,0.00340
18,78336,3090,1036193,0.00298
18,78340,327,1036193,0.00032
18,78373,3142,1036193,0.00303
18,78377,3545,1036193,0.00342
18,78382,20747,1036193,0.02002
18,78393,2154,1036193,0.00208
18,78614,435,1036193,0.00042
18,78621,681,1036193,0.00066
18,78629,12464,1036193,0.01203
18,78632,448,1036193,0.00043
18,78648,7,1036193,0.00001
18,78659,407,1036193,0.00039
18,78677,17,1036193,0.00002
18,78931,355,1036193,0.00034
18,78932,920,1036193,0.00089
18,78933,1607,1036193,0.00155
18,78934,6576,1036193,0.00635
18,78935,790,1036193,0.00076
18,78938,300,1036193,0.00029
18,78940,1981,1036193,0.00191
18,78941,2768,1036193,0.00267
18,78942,8812,1036193,0.00850
18,78943,315,1036193,0.00030
18,78944,526,1036193,0.00051
18,78945,10713,1036193,0.01034
18,78946,1073,1036193,0.00104
18,78947,4775,1036193,0.00461
18,78948,1422,1036193,0.00137
18,78949,507,1036193,0.00049
18,78950,2060,1036193,0.00199
18,78954,1162,1036193,0.00112
18,78956,5136,1036193,0.00496
18,78957,264,1036193,0.00025
18,78959,1714,1036193,0.00165
18,78962,5128,1036193,0.00495
18,78963,996,1036193,0.00096
19,76943,3098,952214,0.00325
19,78002,8665,952214,0.00910
19,78005,664,952214,0.00070
19,78009,8828,952214,0.00927
19,78011,2258,952214,0.00237
19,78016,10513,952214,0.01104
19,78017,5732,952214,0.00602
19,78023,20474,952214,0.02150
19,78026,5974,952214,0.00627
19,78039,1833,952214,0.00192
19,78052,6158,952214,0.00647
19,78056,1920,952214,0.00202
19,78057,1363,952214,0.00143
19,78059,5460,952214,0.00573
19,78061,10817,952214,0.01136
19,78064,16030,952214,0.01683
19,78065,12901,952214,0.01355
19,78066,754,952214,0.00079
19,78069,6474,952214,0.00680
19,78073,9779,952214,0.01027
19,78101,4288,952214,0.00450
19,78108,1154,952214,0.00121
19,78109,28283,952214,0.02970
19,78112,3390,952214,0.00356
19,78121,88,952214,0.00009
19,78124,587,952214,0.00062
19,78148,12017,952214,0.01262
19,78150,369,952214,0.00039
19,78152,2161,952214,0.00227
19,78154,5754,952214,0.00604
19,78202,9264,952214,0.00973
19,78203,3714,952214,0.00390
19,78205,30,952214,0.00003
19,78210,7433,952214,0.00781
19,78211,29873,952214,0.03137
19,78214,20698,952214,0.02174
19,78219,17285,952214,0.01815
19,78220,17952,952214,0.01885
19,78221,38846,952214,0.04080
19,78222,23833,952214,0.02503
19,78223,47491,952214,0.04987
19,78224,22042,952214,0.02315
19,78225,1460,952214,0.00153
19,78226,464,952214,0.00049
19,78227,7619,952214,0.00800
19,78235,2626,952214,0.00276
19,78236,10113,952214,0.01062
19,78240,1646,952214,0.00173
19,78242,25975,952214,0.02728
19,78244,21223,952214,0.02229
19,78245,38476,952214,0.04041
19,78249,31895,952214,0.03350
19,78251,4578,952214,0.00481
19,78252,18009,952214,0.01891
19,78253,64074,952214,0.06729
19,78254,51505,952214,0.05409
19,78255,7331,952214,0.00770
19,78256,3851,952214,0.00404
19,78257,1289,952214,0.00135
19,78263,5270,952214,0.00553
19,78264,7074,952214,0.00743
19,78801,21024,952214,0.02208
19,78827,979,952214,0.00103
19,78828,175,952214,0.00018
19,78829,855,952214,0.00090
19,78830,544,952214,0.00057
19,78832,3129,952214,0.00329
19,78833,735,952214,0.00077
19,78834,7046,952214,0.00740
19,78837,285,952214,0.00030
19,78838,295,952214,0.00031
19,78839,7378,952214,0.00775
19,78840,46823,952214,0.04917
19,78843,490,952214,0.00051
19,78850,995,952214,0.00104
19,78851,760,952214,0.00080
19,78852,56797,952214,0.05965
19,78861,14158,952214,0.01487
19,78870,713,952214,0.00075
19,78872,1483,952214,0.00156
19,78873,1452,952214,0.00152
19,78877,1090,952214,0.00114
19,78879,566,952214,0.00059
19,78880,1240,952214,0.00130
19,78881,2004,952214,0.00210
19,78884,528,952214,0.00055
19,78886,458,952214,0.00048
19,79718,859,952214,0.00090
19,79730,218,952214,0.00023
19,79735,13111,952214,0.01377
19,79743,506,952214,0.00053
19,79744,1157,952214,0.00122
19,79772,13889,952214,0.01459
19,79781,201,952214,0.00021
19,79830,8304,952214,0.00872
19,79832,471,952214,0.00049
19,79834,180,952214,0.00019
19,79842,518,952214,0.00054
19,79852,73,952214,0.00008
20,78332,26682,907674,0.02940
20,78343,4481,907674,0.00494
20,78353,409,907674,0.00045
20,78355,6667,907674,0.00735
20,78372,6508,907674,0.00717
20,78375,3382,907674,0.00373
20,78380,25860,907674,0.02849
20,78383,1747,907674,0.00192
20,78384,807,907674,0.00089
20,78401,4704,907674,0.00518
20,78402,625,907674,0.00069
20,78404,15438,907674,0.01701
20,78405,14235,907674,0.01568
20,78406,1278,907674,0.00141
20,78407,1676,907674,0.00185
20,78408,10996,907674,0.01211
20,78409,2742,907674,0.00302
20,78410,29252,907674,0.03223
20,78411,26335,907674,0.02901
20,78412,38782,907674,0.04273
20,78413,36663,907674,0.04039
20,78414,46991,907674,0.05177
20,78415,39028,907674,0.04300
20,78416,14045,907674,0.01547
20,78417,4441,907674,0.00489
20,78418,31997,907674,0.03525
20,78419,225,907674,0.00025
20,78501,52807,907674,0.05818
20,78503,18020,907674,0.01985
20,78504,55039,907674,0.06064
20,78538,1058,907674,0.00117
20,78539,38900,907674,0.04286
20,78541,50776,907674,0.05594
20,78542,52444,907674,0.05778
20,78549,1638,907674,0.00180
20,78557,13787,907674,0.01519
20,78560,5346,907674,0.00589
20,78563,353,907674,0.00039
20,78572,78400,907674,0.08637
20,78573,43410,907674,0.04783
20,78574,63046,907674,0.06946
20,78576,12473,907674,0.01374
20,78577,17645,907674,0.01944
20,78595,6536,907674,0.00720
21,78007,161,901254,0.00018
21,78008,307,901254,0.00034
21,78014,5155,901254,0.00572
21,78019,1417,901254,0.00157
21,78021,92,901254,0.00010
21,78022,4169,901254,0.00463
21,78026,164,901254,0.00018
21,78040,36811,901254,0.04084
21,78041,48768,901254,0.05411
21,78043,42087,901254,0.04670
21,78045,65269,901254,0.07242
21,78046,73403,901254,0.08145
21,78064,305,901254,0.00034
21,78067,594,901254,0.00066
21,78071,4432,901254,0.00492
21,78072,439,901254,0.00049
21,78075,95,901254,0.00011
21,78076,13276,901254,0.01473
21,78101,5863,901254,0.00651
21,78102,28907,901254,0.03207
21,78111,10,901254,0.00001
21,78112,6175,901254,0.00685
21,78113,1276,901254,0.00142
21,78114,22345,901254,0.02479
21,78116,502,901254,0.00056
21,78117,328,901254,0.00036
21,78118,4905,901254,0.00544
21,78119,6692,901254,0.00743
21,78121,13785,901254,0.01530
21,78124,479,901254,0.00053
21,78130,31,901254,0.00003
21,78132,51,901254,0.00006
21,78140,63,901254,0.00007
21,78147,3210,901254,0.00356
21,78151,1254,901254,0.00139
21,78152,22,901254,0.00002
21,78155,43477,901254,0.04824
21,78160,4732,901254,0.00525
21,78161,815,901254,0.00090
21,78221,1077,901254,0.00120
21,78223,64,901254,0.00007
21,78264,7866,901254,0.00873
21,78332,78,901254,0.00009
21,78336,8990,901254,0.00997
21,78344,257,901254,0.00029
21,78349,1931,901254,0.00214
21,78357,2887,901254,0.00320
21,78359,1734,901254,0.00192
21,78360,54,901254,0.00006
21,78361,4803,901254,0.00533
21,78362,10098,901254,0.01120
21,78368,9143,901254,0.01014
21,78369,519,901254,0.00058
21,78370,4318,901254,0.00479
21,78374,20750,901254,0.02302
21,78376,271,901254,0.00030
21,78380,6,901254,0.00001
21,78383,1596,901254,0.00177
21,78384,4664,901254,0.00518
21,78387,9805,901254,0.01088
21,78389,1729,901254,0.00192
21,78390,5059,901254,0.00561
21,78391,271,901254,0.00030
21,78536,191,901254,0.00021
21,78547,190,901254,0.00021
21,78548,96,901254,0.00011
21,78582,44773,901254,0.04968
21,78584,20060,901254,0.02226
21,78588,293,901254,0.00033
21,78591,317,901254,0.00035
21,78610,3374,901254,0.00374
21,78612,699,901254,0.00078
21,78616,7826,901254,0.00868
21,78617,19213,901254,0.02132
21,78632,286,901254,0.00032
21,78638,2875,901254,0.00319
21,78640,37381,901254,0.04148
21,78644,21570,901254,0.02393
21,78648,8283,901254,0.00919
21,78655,3190,901254,0.00354
21,78656,3029,901254,0.00336
21,78662,442,901254,0.00049
21,78666,44715,901254,0.04961
21,78704,1,901254,0.00000
21,78719,2096,901254,0.00233
21,78741,45547,901254,0.05054
21,78742,282,901254,0.00031
21,78744,44311,901254,0.04917
21,78745,30346,901254,0.03367
21,78747,13980,901254,0.01551
21,78748,5766,901254,0.00640
21,78953,271,901254,0.00030
21,78959,15,901254,0.00002
22,75052,25872,944022,0.02741
22,75054,14221,944022,0.01506
22,75102,1246,944022,0.00132
22,75104,516,944022,0.00055
22,75105,429,944022,0.00045
22,75109,4213,944022,0.00446
22,75110,30440,944022,0.03225
22,75119,29536,944022,0.03129
22,75125,7233,944022,0.00766
22,75144,3332,944022,0.00353
22,75146,139,944022,0.00015
22,75152,5312,944022,0.00563
22,75153,174,944022,0.00018
22,75154,34349,944022,0.03639
22,75155,4333,944022,0.00459
22,75165,49213,944022,0.05213
22,75167,13093,944022,0.01387
22,75859,418,944022,0.00044
22,76002,25276,944022,0.02677
22,76009,23731,944022,0.02514
22,76014,12037,944022,0.01275
22,76015,5889,944022,0.00624
22,76017,2809,944022,0.00298
22,76018,27742,944022,0.02939
22,76028,51954,944022,0.05503
22,76031,18168,944022,0.01925
22,76033,27234,944022,0.02885
22,76035,1157,944022,0.00123
22,76036,3249,944022,0.00344
22,76041,516,944022,0.00055
22,76043,7319,944022,0.00775
22,76044,5708,944022,0.00605
22,76048,25800,944022,0.02733
22,76049,30085,944022,0.03187
22,76050,7306,944022,0.00774
22,76055,3057,944022,0.00324
22,76058,21218,944022,0.02248
22,76059,4818,944022,0.00510
22,76063,7912,944022,0.00838
22,76064,1922,944022,0.00204
22,76065,43629,944022,0.04622
22,76070,609,944022,0.00065
22,76077,649,944022,0.00069
22,76084,11749,944022,0.01245
22,76087,387,944022,0.00041
22,76093,2378,944022,0.00252
22,76433,198,944022,0.00021
22,76462,1443,944022,0.00153
22,76476,3145,944022,0.00333
22,76501,61,944022,0.00006
22,76524,2918,944022,0.00309
22,76557,3379,944022,0.00358
22,76561,31,944022,0.00003
22,76570,2364,944022,0.00250
22,76579,21,944022,0.00002
22,76621,1075,944022,0.00114
22,76622,1170,944022,0.00124
22,76624,2519,944022,0.00267
22,76626,1981,944022,0.00210
22,76627,1809,944022,0.00192
22,76630,1691,944022,0.00179
22,76631,439,944022,0.00047
22,76632,1795,944022,0.00190
22,76633,6028,944022,0.00639
22,76634,7484,944022,0.00793
22,76636,1726,944022,0.00183
22,76637,710,944022,0.00075
22,76638,3236,944022,0.00343
22,76639,1774,944022,0.00188
22,76640,3045,944022,0.00323
22,76641,2229,944022,0.00236
22,76643,15871,944022,0.01681
22,76645,11323,944022,0.01199
22,76648,2230,944022,0.00236
22,76649,895,944022,0.00095
22,76651,3420,944022,0.00362
22,76652,980,944022,0.00104
22,76653,142,944022,0.00015
22,76655,10290,944022,0.01090
22,76656,2154,944022,0.00228
22,76657,10999,944022,0.01165
22,76660,422,944022,0.00045
22,76661,7818,944022,0.00828
22,76664,2834,944022,0.00300
22,76665,2745,944022,0.00291
22,76666,395,944022,0.00042
22,76670,1170,944022,0.00124
22,76671,1736,944022,0.00184
22,76673,580,944022,0.00061
22,76676,711,944022,0.00075
22,76679,1164,944022,0.00123
22,76680,711,944022,0.00075
22,76681,931,944022,0.00099
22,76682,2869,944022,0.00304
22,76689,3810,944022,0.00404
22,76690,1054,944022,0.00112
22,76691,6566,944022,0.00696
22,76692,10579,944022,0.01121
22,76701,1674,944022,0.00177
22,76704,7151,944022,0.00758
22,76705,30785,944022,0.03261
22,76706,42690,944022,0.04522
22,76707,16307,944022,0.01727
22,76708,27740,944022,0.02938
22,76710,24808,944022,0.02628
22,76711,9929,944022,0.01052
22,76712,27891,944022,0.02954
23,75051,996,887105,0.00112
23,75052,9510,887105,0.01072
23,75054,73,887105,0.00008
23,75060,224,887105,0.00025
23,75104,49317,887105,0.05559
23,75115,58679,887105,0.06615
23,75116,20579,887105,0.02320
23,75125,413,887105,0.00047
23,75134,22350,887105,0.02519
23,75137,20065,887105,0.02262
23,75141,6706,887105,0.00756
23,75146,22462,887105,0.02532
23,75149,1084,887105,0.00122
23,75150,513,887105,0.00058
23,75154,11392,887105,0.01284
23,75172,3581,887105,0.00404
23,75201,16166,887105,0.01822
23,75202,3720,887105,0.00419
23,75203,15178,887105,0.01711
23,75204,18212,887105,0.02053
23,75206,14974,887105,0.01688
23,75207,7100,887105,0.00800
23,75208,29298,887105,0.03303
23,75209,5972,887105,0.00673
23,75210,8751,887105,0.00986
23,75211,70760,887105,0.07977
23,75212,27329,887105,0.03081
23,75214,7308,887105,0.00824
23,75215,18803,887105,0.02120
23,75216,54753,887105,0.06172
23,75217,61442,887105,0.06926
23,75219,17603,887105,0.01984
23,75223,11197,887105,0.01262
23,75224,33228,887105,0.03746
23,75226,3990,887105,0.00450
23,75227,62468,887105,0.07042
23,75228,19129,887105,0.02156
23,75232,29919,887105,0.03373
23,75233,15555,887105,0.01753
23,75235,19602,887105,0.02210
23,75236,15621,887105,0.01761
23,75237,18779,887105,0.02117
23,75241,33440,887105,0.03770
23,75246,2109,887105,0.00238
23,75247,827,887105,0.00093
23,75249,15911,887105,0.01794
23,76065,17,887105,0.00002
24,76432,1462,926790,0.00158
24,76436,619,926790,0.00067
24,76437,145,926790,0.00016
24,76442,7459,926790,0.00805
24,76443,1747,926790,0.00189
24,76444,4016,926790,0.00433
24,76445,107,926790,0.00012
24,76446,669,926790,0.00072
24,76454,53,926790,0.00006
24,76455,969,926790,0.00105
24,76457,2172,926790,0.00234
24,76464,31,926790,0.00003
24,76471,186,926790,0.00020
24,76474,66,926790,0.00007
24,76501,17820,926790,0.01923
24,76502,45873,926790,0.04950
24,76504,23847,926790,0.02573
24,76511,1026,926790,0.00111
24,76513,45593,926790,0.04919
24,76519,297,926790,0.00032
24,76522,41604,926790,0.04489
24,76525,1204,926790,0.00130
24,76526,160,926790,0.00017
24,76527,219,926790,0.00024
24,76528,24334,926790,0.02626
24,76531,4922,926790,0.00531
24,76534,2495,926790,0.00269
24,76537,54,926790,0.00006
24,76538,670,926790,0.00072
24,76539,8460,926790,0.00913
24,76541,19687,926790,0.02124
24,76542,53287,926790,0.05750
24,76543,30323,926790,0.03272
24,76544,28733,926790,0.03100
24,76548,32819,926790,0.03541
24,76549,56206,926790,0.06065
24,76550,12447,926790,0.01343
24,76554,2060,926790,0.00222
24,76557,2072,926790,0.00224
24,76559,6285,926790,0.00678
24,76561,1182,926790,0.00128
24,76565,196,926790,0.00021
24,76566,293,926790,0.00032
24,76569,2416,926790,0.00261
24,76571,8568,926790,0.00924
24,76579,5126,926790,0.00553
24,76634,30,926790,0.00003
24,76657,52,926790,0.00006
24,76689,275,926790,0.00030
24,76801,25214,926790,0.02721
24,76802,5317,926790,0.00574
24,76823,2802,926790,0.00302
24,76824,69,926790,0.00007
24,76827,411,926790,0.00044
24,76831,115,926790,0.00012
24,76832,483,926790,0.00052
24,76844,3040,926790,0.00328
24,76853,1527,926790,0.00165
24,76856,9,926790,0.00001
24,76857,1877,926790,0.00203
24,76864,1131,926790,0.00122
24,76870,101,926790,0.00011
24,76871,1104,926790,0.00119
24,76872,155,926790,0.00017
24,76877,3988,926790,0.00430
24,76880,180,926790,0.00019
24,76885,194,926790,0.00021
24,76890,825,926790,0.00089
24,78003,8854,926790,0.00955
24,78010,3602,926790,0.00389
24,78013,1475,926790,0.00159
24,78023,108,926790,0.00012
24,78024,824,926790,0.00089
24,78025,5759,926790,0.00621
24,78027,7,926790,0.00001
24,78028,40759,926790,0.04398
24,78055,1724,926790,0.00186
24,78058,874,926790,0.00094
24,78063,9509,926790,0.01026
24,78070,711,926790,0.00077
24,78605,6522,926790,0.00704
24,78606,5420,926790,0.00585
24,78607,200,926790,0.00022
24,78608,858,926790,0.00093
24,78609,2010,926790,0.00217
24,78611,15205,926790,0.01641
24,78618,142,926790,0.00015
24,78620,3776,926790,0.00407
24,78624,22836,926790,0.02464
24,78631,2316,926790,0.00250
24,78635,243,926790,0.00026
24,78636,3809,926790,0.00411
24,78639,8077,926790,0.00872
24,78642,127,926790,0.00014
24,78643,6376,926790,0.00688
24,78654,18761,926790,0.02024
24,78657,6673,926790,0.00720
24,78663,839,926790,0.00091
24,78669,10605,926790,0.01144
24,78671,579,926790,0.00062
24,78672,1003,926790,0.00108
24,78675,126,926790,0.00014
24,78676,78,926790,0.00008
24,78733,453,926790,0.00049
24,78734,23173,926790,0.02500
24,78735,12250,926790,0.01322
24,78736,3957,926790,0.00427
24,78737,274,926790,0.00030
24,78738,29897,926790,0.03226
24,78746,771,926790,0.00083
24,78883,136,926790,0.00015
24,78884,442,926790,0.00048
24,78885,101,926790,0.00011
24,79504,2562,926790,0.00276
24,79508,1412,926790,0.00152
24,79510,8202,926790,0.00885
24,79519,10,926790,0.00001
24,79530,695,926790,0.00075
24,79536,333,926790,0.00036
24,79541,867,926790,0.00094
24,79562,4646,926790,0.00501
24,79563,39,926790,0.00004
24,79566,111,926790,0.00012
24,79567,37,926790,0.00004
24,79601,12305,926790,0.01328
24,79602,24772,926790,0.02673
24,79603,1395,926790,0.00151
24,79605,26293,926790,0.02837
24,79606,27836,926790,0.03003
24,79607,2960,926790,0.00319
24,79697,151,926790,0.00016
24,79698,3,926790,0.00000
24,79699,1042,926790,0.00112
25,78004,494,1099203,0.00045
25,78006,41088,1099203,0.03738
25,78015,20466,1099203,0.01862
25,78023,9676,1099203,0.00880
25,78027,505,1099203,0.00046
25,78070,19284,1099203,0.01754
25,78108,40888,1099203,0.03720
25,78123,1665,1099203,0.00151
25,78124,8952,1099203,0.00814
25,78130,88797,1099203,0.08078
25,78132,38170,1099203,0.03473
25,78133,20142,1099203,0.01832
25,78148,9234,1099203,0.00840
25,78154,35920,1099203,0.03268
25,78155,8197,1099203,0.00746
25,78163,14204,1099203,0.01292
25,78209,33061,1099203,0.03008
25,78212,2196,1099203,0.00200
25,78213,13609,1099203,0.01238
25,78216,20231,1099203,0.01841
25,78217,29643,1099203,0.02697
25,78218,7507,1099203,0.00683
25,78230,13227,1099203,0.01203
25,78231,9447,1099203,0.00859
25,78232,37349,1099203,0.03398
25,78233,42238,1099203,0.03843
25,78247,48638,1099203,0.04425
25,78248,13551,1099203,0.01233
25,78249,4167,1099203,0.00379
25,78253,1055,1099203,0.00096
25,78254,15029,1099203,0.01367
25,78255,12544,1099203,0.01141
25,78256,8403,1099203,0.00764
25,78257,10424,1099203,0.00948
25,78258,49250,1099203,0.04481
25,78259,31062,1099203,0.02826
25,78260,38571,1099203,0.03509
25,78261,27415,1099203,0.02494
25,78266,7238,1099203,0.00658
25,78606,142,1099203,0.00013
25,78610,41993,1099203,0.03820
25,78619,5332,1099203,0.00485
25,78620,17441,1099203,0.01587
25,78623,2419,1099203,0.00220
25,78624,447,1099203,0.00041
25,78640,30251,1099203,0.02752
25,78652,7971,1099203,0.00725
25,78663,25,1099203,0.00002
25,78666,38330,1099203,0.03487
25,78676,14977,1099203,0.01363
25,78735,665,1099203,0.00060
25,78736,5465,1099203,0.00497
25,78737,21173,1099203,0.01926
25,78738,18,1099203,0.00002
25,78739,21029,1099203,0.01913
25,78744,2854,1099203,0.00260
25,78747,7501,1099203,0.00682
25,78748,30146,1099203,0.02743
25,78749,17487,1099203,0.01591
26,78109,24056,840565,0.02862
26,78148,141,840565,0.00017
26,78201,40923,840565,0.04869
26,78202,2269,840565,0.00270
26,78203,1768,840565,0.00210
26,78204,11810,840565,0.01405
26,78205,1876,840565,0.00223
26,78207,52018,840565,0.06188
26,78208,3907,840565,0.00465
26,78209,7729,840565,0.00920
26,78210,26248,840565,0.03123
26,78212,24784,840565,0.02948
26,78213,27132,840565,0.03228
26,78214,1713,840565,0.00204
26,78215,3682,840565,0.00438
26,78216,15860,840565,0.01887
26,78217,2179,840565,0.00259
26,78218,30349,840565,0.03611
26,78219,72,840565,0.00009
26,78220,60,840565,0.00007
26,78223,6908,840565,0.00822
26,78225,10915,840565,0.01299
26,78226,6121,840565,0.00728
26,78227,39661,840565,0.04718
26,78228,58037,840565,0.06905
26,78229,32709,840565,0.03891
26,78230,29516,840565,0.03511
26,78233,7235,840565,0.00861
26,78234,7276,840565,0.00866
26,78236,101,840565,0.00012
26,78237,34383,840565,0.04090
26,78238,26646,840565,0.03170
26,78239,32931,840565,0.03918
26,78240,54147,840565,0.06442
26,78242,6295,840565,0.00749
26,78244,15076,840565,0.01794
26,78245,55544,840565,0.06608
26,78249,22032,840565,0.02621
26,78250,53753,840565,0.06395
26,78251,53473,840565,0.06362
26,78254,9230,840565,0.01098
27,78338,91,831668,0.00011
27,78363,29159,831668,0.03506
27,78379,1875,831668,0.00225
27,78385,259,831668,0.00031
27,78501,7863,831668,0.00945
27,78503,7223,831668,0.00868
27,78516,34600,831668,0.04160
27,78520,64932,831668,0.07807
27,78521,89082,831668,0.10711
27,78526,53984,831668,0.06491
27,78537,51403,831668,0.06181
27,78538,18155,831668,0.02183
27,78542,29827,831668,0.03586
27,78543,4697,831668,0.00565
27,78549,184,831668,0.00022
27,78550,55300,831668,0.06649
27,78552,40524,831668,0.04873
27,78559,12733,831668,0.01531
27,78566,17956,831668,0.02159
27,78569,5210,831668,0.00626
27,78570,32963,831668,0.03963
27,78575,5871,831668,0.00706
27,78577,63005,831668,0.07576
27,78578,10118,831668,0.01217
27,78580,13658,831668,0.01642
27,78583,5496,831668,0.00661
27,78586,57086,831668,0.06864
27,78589,38894,831668,0.04677
27,78590,731,831668,0.00088
27,78593,5465,831668,0.00657
27,78594,244,831668,0.00029
27,78596,39854,831668,0.04792
27,78597,2470,831668,0.00297
27,78598,321,831668,0.00039
27,78599,30435,831668,0.03660
28,76360,46,796007,0.00006
28,76363,235,796007,0.00030
28,76364,182,796007,0.00023
28,76371,1502,796007,0.00189
28,76372,34,796007,0.00004
28,76373,148,796007,0.00019
28,76380,3754,796007,0.00472
28,76384,12467,796007,0.01566
28,76388,218,796007,0.00027
28,76424,8588,796007,0.01079
28,76429,204,796007,0.00026
28,76430,2422,796007,0.00304
28,76435,645,796007,0.00081
28,76437,5435,796007,0.00683
28,76443,23,796007,0.00003
28,76444,28,796007,0.00004
28,76445,216,796007,0.00027
28,76448,5593,796007,0.00703
28,76450,41,796007,0.00005
28,76454,1315,796007,0.00165
28,76464,460,796007,0.00058
28,76470,3092,796007,0.00388
28,76471,1624,796007,0.00204
28,76483,1018,796007,0.00128
28,76491,388,796007,0.00049
28,76801,4,796007,0.00001
28,76820,30,796007,0.00004
28,76821,4664,796007,0.00586
28,76823,1,796007,0.00000
28,76825,6565,796007,0.00825
28,76828,210,796007,0.00026
28,76831,8,796007,0.00001
28,76834,5005,796007,0.00629
28,76836,34,796007,0.00004
28,76837,2370,796007,0.00298
28,76841,16,796007,0.00002
28,76842,104,796007,0.00013
28,76845,177,796007,0.00022
28,76848,78,796007,0.00010
28,76849,3924,796007,0.00493
28,76852,247,796007,0.00031
28,76854,325,796007,0.00041
28,76856,3701,796007,0.00465
28,76858,242,796007,0.00030
28,76859,1832,796007,0.00230
28,76861,2011,796007,0.00253
28,76862,193,796007,0.00024
28,76865,249,796007,0.00031
28,76866,543,796007,0.00068
28,76869,78,796007,0.00010
28,76872,552,796007,0.00069
28,76873,68,796007,0.00009
28,76874,29,796007,0.00004
28,76875,528,796007,0.00066
28,76878,1478,796007,0.00186
28,76882,270,796007,0.00034
28,76883,13,796007,0.00002
28,76884,107,796007,0.00013
28,76887,82,796007,0.00010
28,76888,140,796007,0.00018
28,76901,30419,796007,0.03821
28,76903,31952,796007,0.04014
28,76904,37869,796007,0.04757
28,76905,13656,796007,0.01716
28,76908,1555,796007,0.00195
28,76909,432,796007,0.00054
28,76930,99,796007,0.00012
28,76932,3385,796007,0.00425
28,76933,1343,796007,0.00169
28,76934,1700,796007,0.00214
28,76935,1114,796007,0.00140
28,76936,2451,796007,0.00308
28,76937,348,796007,0.00044
28,76940,197,796007,0.00025
28,76941,1342,796007,0.00169
28,76945,1674,796007,0.00210
28,76949,45,796007,0.00006
28,76950,3364,796007,0.00423
28,76951,1372,796007,0.00172
28,76955,133,796007,0.00017
28,76957,40,796007,0.00005
28,78624,1,796007,0.00000
28,79031,1245,796007,0.00156
28,79041,2719,796007,0.00342
28,79064,2557,796007,0.00321
28,79072,25839,796007,0.03246
28,79082,295,796007,0.00037
28,79201,6664,796007,0.00837
28,79220,86,796007,0.00011
28,79225,745,796007,0.00094
28,79227,1155,796007,0.00145
28,79229,413,796007,0.00052
28,79234,43,796007,0.00005
28,79235,3296,796007,0.00414
28,79241,2106,796007,0.00265
28,79243,97,796007,0.00012
28,79244,747,796007,0.00094
28,79247,41,796007,0.00005
28,79248,1645,796007,0.00207
28,79250,1230,796007,0.00155
28,79252,2807,796007,0.00353
28,79256,273,796007,0.00034
28,79311,3348,796007,0.00421
28,79312,1039,796007,0.00131
28,79313,1157,796007,0.00145
28,79316,10875,796007,0.01366
28,79322,1926,796007,0.00242
28,79326,121,796007,0.00015
28,79329,3666,796007,0.00461
28,79330,184,796007,0.00023
28,79331,11487,796007,0.01443
28,79336,17862,796007,0.02244
28,79339,6925,796007,0.00870
28,79343,1239,796007,0.00156
28,79345,919,796007,0.00115
28,79351,916,796007,0.00115
28,79353,55,796007,0.00007
28,79356,5632,796007,0.00708
28,79357,1968,796007,0.00247
28,79358,1282,796007,0.00161
28,79359,13,796007,0.00002
28,79363,7153,796007,0.00899
28,79364,7715,796007,0.00969
28,79366,1193,796007,0.00150
28,79370,1174,796007,0.00147
28,79371,1118,796007,0.00140
28,79373,3319,796007,0.00417
28,79376,24,796007,0.00003
28,79377,390,796007,0.00049
28,79381,1409,796007,0.00177
28,79382,7996,796007,0.01005
28,79401,8743,796007,0.01098
28,79403,15946,796007,0.02003
28,79404,10245,796007,0.01287
28,79407,22579,796007,0.02837
28,79409,6848,796007,0.00860
28,79410,8516,796007,0.01070
28,79411,7118,796007,0.00894
28,79412,15032,796007,0.01888
28,79413,20957,796007,0.02633
28,79414,17752,796007,0.02230
28,79415,17014,796007,0.02137
28,79416,36196,796007,0.04547
28,79423,42290,796007,0.05313
28,79424,54013,796007,0.06785
28,79501,3471,796007,0.00436
28,79502,1023,796007,0.00129
28,79503,194,796007,0.00024
28,79506,691,796007,0.00087
28,79510,38,796007,0.00005
28,79511,47,796007,0.00006
28,79512,7764,796007,0.00975
28,79517,230,796007,0.00029
28,79518,88,796007,0.00011
28,79519,44,796007,0.00006
28,79520,2152,796007,0.00270
28,79521,3626,796007,0.00456
28,79525,2969,796007,0.00373
28,79526,1012,796007,0.00127
28,79527,304,796007,0.00038
28,79528,565,796007,0.00071
28,79529,1267,796007,0.00159
28,79532,819,796007,0.00103
28,79533,436,796007,0.00055
28,79534,211,796007,0.00027
28,79535,109,796007,0.00014
28,79536,4854,796007,0.00610
28,79537,61,796007,0.00008
28,79538,201,796007,0.00025
28,79539,161,796007,0.00020
28,79540,222,796007,0.00028
28,79543,1044,796007,0.00131
28,79544,413,796007,0.00052
28,79545,1790,796007,0.00225
28,79546,1742,796007,0.00219
28,79547,683,796007,0.00086
28,79548,255,796007,0.00032
28,79549,15596,796007,0.01959
28,79553,3152,796007,0.00396
28,79556,12813,796007,0.01610
28,79560,149,796007,0.00019
28,79561,471,796007,0.00059
28,79563,1114,796007,0.00140
28,79565,411,796007,0.00052
28,79566,189,796007,0.00024
28,79567,3006,796007,0.00378
28,79601,12916,796007,0.01623
28,79602,1357,796007,0.00170
28,79603,22752,796007,0.02858
28,79605,3581,796007,0.00450
28,79713,510,796007,0.00064
28,79719,329,796007,0.00041
28,79731,4675,796007,0.00587
28,79738,473,796007,0.00059
28,79742,477,796007,0.00060
28,79752,2219,796007,0.00279
28,79755,1089,796007,0.00137
28,79756,10756,796007,0.01351
28,79777,82,796007,0.00010
29,79734,1792,879174,0.00204
29,79821,6472,879174,0.00736
29,79835,14356,879174,0.01633
29,79836,6127,879174,0.00697
29,79837,423,879174,0.00048
29,79838,7879,879174,0.00896
29,79839,1174,879174,0.00134
29,79843,2636,879174,0.00300
29,79845,3495,879174,0.00398
29,79847,85,879174,0.00010
29,79849,15486,879174,0.01761
29,79851,1362,879174,0.00155
29,79853,3652,879174,0.00415
29,79854,204,879174,0.00023
29,79855,2134,879174,0.00243
29,79901,10027,879174,0.01141
29,79902,20040,879174,0.02279
29,79903,16233,879174,0.01846
29,79904,31932,879174,0.03632
29,79905,22323,879174,0.02539
29,79906,6073,879174,0.00691
29,79907,50852,879174,0.05784
29,79908,2894,879174,0.00329
29,79911,6092,879174,0.00693
29,79912,77974,879174,0.08869
29,79915,35135,879174,0.03996
29,79916,6337,879174,0.00721
29,79918,34,879174,0.00004
29,79922,8120,879174,0.00924
29,79924,58657,879174,0.06672
29,79925,38117,879174,0.04336
29,79927,40584,879174,0.04616
29,79928,78995,879174,0.08985
29,79930,24541,879174,0.02791
29,79932,30168,879174,0.03431
29,79934,29450,879174,0.03350
29,79935,18013,879174,0.02049
29,79936,104731,879174,0.11912
29,79938,94051,879174,0.10698
29,79968,524,879174,0.00060
30,75009,18562,1017987,0.01823
30,75020,23838,1017987,0.02342
30,75021,8343,1017987,0.00820
30,75048,2822,1017987,0.00277
30,75058,3675,1017987,0.00361
30,75069,1382,1017987,0.00136
30,75071,22175,1017987,0.02178
30,75076,8093,1017987,0.00795
30,75078,41108,1017987,0.04038
30,75087,165,1017987,0.00016
30,75090,25078,1017987,0.02463
30,75092,27126,1017987,0.02665
30,75098,42127,1017987,0.04138
30,75166,5189,1017987,0.00510
30,75173,7497,1017987,0.00736
30,75189,4943,1017987,0.00486
30,75407,25329,1017987,0.02488
30,75409,21353,1017987,0.02098
30,75414,3540,1017987,0.00348
30,75424,4211,1017987,0.00414
30,75442,10125,1017987,0.00995
30,75452,164,1017987,0.00016
30,75454,14885,1017987,0.01462
30,75459,5624,1017987,0.00552
30,75479,41,1017987,0.00004
30,75491,5036,1017987,0.00495
30,75495,9140,1017987,0.00898
30,76008,20113,1017987,0.01976
30,76020,14031,1017987,0.01378
30,76023,7333,1017987,0.00720
30,76035,1266,1017987,0.00124
30,76049,439,1017987,0.00043
30,76052,547,1017987,0.00054
30,76066,3582,1017987,0.00352
30,76067,20143,1017987,0.01979
30,76071,3681,1017987,0.00362
30,76073,6592,1017987,0.00648
30,76078,9900,1017987,0.00973
30,76082,21832,1017987,0.02145
30,76085,13191,1017987,0.01296
30,76086,20026,1017987,0.01967
30,76087,33748,1017987,0.03315
30,76088,14027,1017987,0.01378
30,76108,3142,1017987,0.00309
30,76126,999,1017987,0.00098
30,76201,26031,1017987,0.02557
30,76205,10670,1017987,0.01048
30,76207,12212,1017987,0.01200
30,76208,14811,1017987,0.01455
30,76209,25016,1017987,0.02457
30,76210,1171,1017987,0.00115
30,76225,3750,1017987,0.00368
30,76226,12,1017987,0.00001
30,76227,21145,1017987,0.02077
30,76228,975,1017987,0.00096
30,76230,10030,1017987,0.00985
30,76233,3632,1017987,0.00357
30,76234,18379,1017987,0.01805
30,76238,410,1017987,0.00040
30,76239,843,1017987,0.00083
30,76240,28209,1017987,0.02771
30,76245,1867,1017987,0.00183
30,76247,34,1017987,0.00003
30,76250,991,1017987,0.00097
30,76251,999,1017987,0.00098
30,76252,3054,1017987,0.00300
30,76255,5223,1017987,0.00513
30,76258,7375,1017987,0.00724
30,76259,1022,1017987,0.00100
30,76261,229,1017987,0.00022
30,76263,146,1017987,0.00014
30,76264,1627,1017987,0.00160
30,76265,1825,1017987,0.00179
30,76266,16579,1017987,0.01629
30,76270,2011,1017987,0.00198
30,76271,1868,1017987,0.00183
30,76272,5794,1017987,0.00569
30,76273,10005,1017987,0.00983
30,76301,15402,1017987,0.01513
30,76302,10988,1017987,0.01079
30,76305,8692,1017987,0.00854
30,76306,14966,1017987,0.01470
30,76308,20577,1017987,0.02021
30,76309,12793,1017987,0.01257
30,76310,20967,1017987,0.02060
30,76311,6349,1017987,0.00624
30,76351,1604,1017987,0.00158
30,76354,11350,1017987,0.01115
30,76357,602,1017987,0.00059
30,76360,2779,1017987,0.00273
30,76365,5064,1017987,0.00497
30,76366,2640,1017987,0.00259
30,76367,9882,1017987,0.00971
30,76372,959,1017987,0.00094
30,76374,3966,1017987,0.00390
30,76377,753,1017987,0.00074
30,76379,628,1017987,0.00062
30,76389,1015,1017987,0.00100
30,76401,30475,1017987,0.02994
30,76402,978,1017987,0.00096
30,76426,11700,1017987,0.01149
30,76427,783,1017987,0.00077
30,76431,3506,1017987,0.00344
30,76433,3159,1017987,0.00310
30,76436,13,1017987,0.00001
30,76444,10,1017987,0.00001
30,76445,108,1017987,0.00011
30,76446,5849,1017987,0.00575
30,76449,2603,1017987,0.00256
30,76450,12873,1017987,0.01265
30,76453,1184,1017987,0.00116
30,76457,1772,1017987,0.00174
30,76458,5882,1017987,0.00578
30,76459,163,1017987,0.00016
30,76460,258,1017987,0.00025
30,76462,1986,1017987,0.00195
30,76463,247,1017987,0.00024
30,76472,1506,1017987,0.00148
30,76475,815,1017987,0.00080
30,76481,98,1017987,0.00010
30,76484,1147,1017987,0.00113
30,76486,1680,1017987,0.00165
30,76487,3021,1017987,0.00297
30,76490,87,1017987,0.00009
31,79001,213,869269,0.00025
31,79005,1642,869269,0.00189
31,79007,14008,869269,0.01611
31,79009,1068,869269,0.00123
31,79011,350,869269,0.00040
31,79014,3382,869269,0.00389
31,79015,22931,869269,0.02638
31,79016,363,869269,0.00042
31,79018,673,869269,0.00077
31,79019,1731,869269,0.00199
31,79022,10330,869269,0.01188
31,79027,5782,869269,0.00665
31,79029,19323,869269,0.02223
31,79034,849,869269,0.00098
31,79035,4941,869269,0.00568
31,79036,4611,869269,0.00530
31,79039,725,869269,0.00083
31,79040,1644,869269,0.00189
31,79042,1084,869269,0.00125
31,79043,935,869269,0.00108
31,79044,777,869269,0.00089
31,79045,18466,869269,0.02124
31,79046,493,869269,0.00057
31,79052,1118,869269,0.00129
31,79056,75,869269,0.00009
31,79057,854,869269,0.00098
31,79058,116,869269,0.00013
31,79059,827,869269,0.00095
31,79061,280,869269,0.00032
31,79062,168,869269,0.00019
31,79063,594,869269,0.00068
31,79065,20373,869269,0.02344
31,79068,3275,869269,0.00377
31,79070,10015,869269,0.01152
31,79079,2362,869269,0.00272
31,79080,457,869269,0.00053
31,79081,3473,869269,0.00400
31,79083,2458,869269,0.00283
31,79084,2782,869269,0.00320
31,79085,59,869269,0.00007
31,79086,1858,869269,0.00214
31,79087,717,869269,0.00082
31,79088,5121,869269,0.00589
31,79092,1323,869269,0.00152
31,79094,32,869269,0.00004
31,79095,2442,869269,0.00281
31,79096,1998,869269,0.00230
31,79097,1092,869269,0.00126
31,79098,380,869269,0.00044
31,79101,2189,869269,0.00252
31,79102,9395,869269,0.01081
31,79103,10510,869269,0.01209
31,79104,7112,869269,0.00818
31,79106,28240,869269,0.03249
31,79107,31944,869269,0.03675
31,79108,17662,869269,0.02032
31,79109,41470,869269,0.04771
31,79110,19067,869269,0.02193
31,79111,1638,869269,0.00188
31,79118,27026,869269,0.03109
31,79119,21056,869269,0.02422
31,79121,6601,869269,0.00759
31,79124,11592,869269,0.01334
31,79201,57,869269,0.00007
31,79226,2770,869269,0.00319
31,79230,127,869269,0.00015
31,79237,452,869269,0.00052
31,79239,108,869269,0.00012
31,79240,70,869269,0.00008
31,79245,2283,869269,0.00263
31,79251,66,869269,0.00008
31,79255,469,869269,0.00054
31,79257,966,869269,0.00111
31,79259,9,869269,0.00001
31,79261,385,869269,0.00044
31,79323,5817,869269,0.00669
31,79324,55,869269,0.00006
31,79325,3382,869269,0.00389
31,79331,20,869269,0.00002
31,79342,302,869269,0.00035
31,79344,76,869269,0.00009
31,79346,2391,869269,0.00275
31,79347,7175,869269,0.00825
31,79355,1877,869269,0.00216
31,79359,3055,869269,0.00351
31,79360,18241,869269,0.02098
31,79371,76,869269,0.00009
31,79379,156,869269,0.00018
31,79511,1177,869269,0.00135
31,79701,29762,869269,0.03424
31,79703,21127,869269,0.02430
31,79705,44165,869269,0.05081
31,79706,31403,869269,0.03613
31,79707,38035,869269,0.04376
31,79714,18610,869269,0.02141
31,79720,33589,869269,0.03864
31,79739,1072,869269,0.00123
31,79741,452,869269,0.00052
31,79745,6848,869269,0.00788
31,79748,138,869269,0.00016
31,79749,282,869269,0.00032
31,79754,64,869269,0.00007
31,79758,2778,869269,0.00320
31,79761,30622,869269,0.03523
31,79762,38600,869269,0.04441
31,79763,40267,869269,0.04632
31,79764,26270,869269,0.03022
31,79765,21957,869269,0.02526
31,79766,9483,869269,0.01091
31,79782,5033,869269,0.00579
31,79783,135,869269,0.00016
31,79789,943,869269,0.00108
